iso_time,session_id,fixture_state,valid_for_classifier,condition,severity,speed_setpoint_rpm,label,t_ms,rpm,ripple_permil,min_us,max_us,hall,illegal,edges,step,coast_ms,period_std_permil,mech1x_permil,elec_permil,accel_rms_g,accel_pk_g,temp_motor_c,temp_ambient_c,i_u_a,i_v_a,i_w_a,i_dc_a,modbus_rpm,modbus_fault
2026-06-20T22:10:02.947402+00:00,S018,commissioning_unmounted,false,healthy,none,2000,healthy_horizontal_no_load_2000rpm,176203,1994,300,1059,1435,5,0,77114,9,0,77,0,1,,,,,,,,,,
2026-06-20T22:10:03.041860+00:00,S018,commissioning_unmounted,false,healthy,none,2000,healthy_horizontal_no_load_2000rpm,176303,1995,294,1065,1434,6,0,77194,9,0,77,0,2,,,,,,,,,,
2026-06-20T22:10:03.134445+00:00,S018,commissioning_unmounted,false,healthy,none,2000,healthy_horizontal_no_load_2000rpm,176403,1997,298,1061,1435,3,0,77274,9,0,77,0,2,,,,,,,,,,
2026-06-20T22:10:03.228201+00:00,S018,commissioning_unmounted,false,healthy,none,2000,healthy_horizontal_no_load_2000rpm,176503,1995,297,1062,1434,1,0,77353,9,0,77,0,2,,,,,,,,,,
2026-06-20T22:10:03.321335+00:00,S018,commissioning_unmounted,false,healthy,none,2000,healthy_horizontal_no_load_2000rpm,176603,1996,297,1059,1432,4,0,77433,9,0,78,1,2,,,,,,,,,,
2026-06-20T22:10:03.414883+00:00,S018,commissioning_unmounted,false,healthy,none,2000,healthy_horizontal_no_load_2000rpm,176703,1995,299,1059,1434,2,0,77513,9,0,77,0,1,,,,,,,,,,
2026-06-20T22:10:03.555913+00:00,S018,commissioning_unmounted,false,healthy,none,2000,healthy_horizontal_no_load_2000rpm,176803,1995,293,1061,1429,1,0,77593,9,0,76,0,2,,,,,,,,,,
2026-06-20T22:10:03.649239+00:00,S018,commissioning_unmounted,false,healthy,none,2000,healthy_horizontal_no_load_2000rpm,176903,1992,299,1059,1435,4,0,77673,9,0,77,0,2,,,,,,,,,,
2026-06-20T22:10:03.741706+00:00,S018,commissioning_unmounted,false,healthy,none,2000,healthy_horizontal_no_load_2000rpm,177003,1996,290,1070,1434,6,0,77752,9,0,77,0,2,,,,,,,,,,
2026-06-20T22:10:03.837363+00:00,S018,commissioning_unmounted,false,healthy,none,2000,healthy_horizontal_no_load_2000rpm,177103,1996,300,1059,1435,3,0,77832,9,0,77,1,1,,,,,,,,,,
2026-06-20T22:10:03.930076+00:00,S018,commissioning_unmounted,false,healthy,none,2000,healthy_horizontal_no_load_2000rpm,177203,1997,301,1057,1434,5,0,77912,9,0,78,0,2,,,,,,,,,,
2026-06-20T22:10:04.021721+00:00,S018,commissioning_unmounted,false,healthy,none,2000,healthy_horizontal_no_load_2000rpm,177303,1995,297,1059,1432,6,0,77992,9,0,78,1,2,,,,,,,,,,
2026-06-20T22:10:04.116195+00:00,S018,commissioning_unmounted,false,healthy,none,2000,healthy_horizontal_no_load_2000rpm,177403,1996,299,1059,1434,3,0,78072,9,0,79,1,2,,,,,,,,,,
2026-06-20T22:10:04.256912+00:00,S018,commissioning_unmounted,false,healthy,none,2000,healthy_horizontal_no_load_2000rpm,177503,1994,300,1059,1435,5,0,78152,9,0,77,1,1,,,,,,,,,,
2026-06-20T22:10:04.349615+00:00,S018,commissioning_unmounted,false,healthy,none,2000,healthy_horizontal_no_load_2000rpm,177603,1995,295,1061,1431,4,0,78231,9,0,77,0,2,,,,,,,,,,
2026-06-20T22:10:04.442531+00:00,S018,commissioning_unmounted,false,healthy,none,2000,healthy_horizontal_no_load_2000rpm,177703,1995,297,1059,1432,2,0,78311,9,0,76,1,1,,,,,,,,,,
2026-06-20T22:10:04.536205+00:00,S018,commissioning_unmounted,false,healthy,none,2000,healthy_horizontal_no_load_2000rpm,177803,2001,296,1059,1429,1,0,78391,9,0,77,0,2,,,,,,,,,,
2026-06-20T22:10:04.629468+00:00,S018,commissioning_unmounted,false,healthy,none,2000,healthy_horizontal_no_load_2000rpm,177903,2001,300,1054,1429,4,0,78471,9,0,78,0,3,,,,,,,,,,
2026-06-20T22:10:04.721648+00:00,S018,commissioning_unmounted,false,healthy,none,2000,healthy_horizontal_no_load_2000rpm,178003,1998,292,1061,1427,2,0,78551,9,0,76,0,1,,,,,,,,,,
2026-06-20T22:10:04.814181+00:00,S018,commissioning_unmounted,false,healthy,none,2000,healthy_horizontal_no_load_2000rpm,178103,1995,292,1061,1427,1,0,78631,9,0,77,0,2,,,,,,,,,,
2026-06-20T22:10:04.954135+00:00,S018,commissioning_unmounted,false,healthy,none,2000,healthy_horizontal_no_load_2000rpm,178203,1993,292,1070,1437,4,0,78711,9,0,76,1,2,,,,,,,,,,
2026-06-20T22:10:05.047448+00:00,S018,commissioning_unmounted,false,healthy,none,2000,healthy_horizontal_no_load_2000rpm,178303,1996,301,1057,1434,2,0,78791,9,0,77,1,2,,,,,,,,,,
2026-06-20T22:10:05.140738+00:00,S018,commissioning_unmounted,false,healthy,none,2000,healthy_horizontal_no_load_2000rpm,178403,1994,301,1059,1437,1,0,78871,9,0,78,0,2,,,,,,,,,,
2026-06-20T22:10:05.234548+00:00,S018,commissioning_unmounted,false,healthy,none,2000,healthy_horizontal_no_load_2000rpm,178503,1993,299,1059,1435,4,0,78951,9,0,78,0,2,,,,,,,,,,
2026-06-20T22:10:05.342838+00:00,S018,commissioning_unmounted,false,healthy,none,2000,healthy_horizontal_no_load_2000rpm,178603,1994,297,1059,1432,6,0,79030,9,0,78,0,3,,,,,,,,,,
2026-06-20T22:10:05.435572+00:00,S018,commissioning_unmounted,false,healthy,none,2000,healthy_horizontal_no_load_2000rpm,178703,1994,290,1070,1434,3,0,79110,9,0,78,0,2,,,,,,,,,,
2026-06-20T22:10:05.528681+00:00,S018,commissioning_unmounted,false,healthy,none,2000,healthy_horizontal_no_load_2000rpm,178803,1998,297,1062,1434,5,0,79190,9,0,75,1,1,,,,,,,,,,
2026-06-20T22:10:05.621622+00:00,S018,commissioning_unmounted,false,healthy,none,2000,healthy_horizontal_no_load_2000rpm,178903,1997,295,1059,1429,6,0,79270,9,0,77,0,3,,,,,,,,,,
2026-06-20T22:10:05.716284+00:00,S018,commissioning_unmounted,false,healthy,none,2000,healthy_horizontal_no_load_2000rpm,179003,1994,290,1070,1434,3,0,79350,9,0,78,0,3,,,,,,,,,,
2026-06-20T22:10:05.810016+00:00,S018,commissioning_unmounted,false,healthy,none,2000,healthy_horizontal_no_load_2000rpm,179103,1992,292,1070,1437,1,0,79429,9,0,75,0,2,,,,,,,,,,
2026-06-20T22:10:05.949004+00:00,S018,commissioning_unmounted,false,healthy,none,2000,healthy_horizontal_no_load_2000rpm,179203,1997,297,1059,1431,4,0,79509,9,0,78,0,2,,,,,,,,,,
2026-06-20T22:10:06.042601+00:00,S018,commissioning_unmounted,false,healthy,none,2000,healthy_horizontal_no_load_2000rpm,179303,1994,295,1059,1429,2,0,79589,9,0,77,0,2,,,,,,,,,,
2026-06-20T22:10:06.136806+00:00,S018,commissioning_unmounted,false,healthy,none,2000,healthy_horizontal_no_load_2000rpm,179403,1996,299,1059,1434,1,0,79669,9,0,78,0,2,,,,,,,,,,
2026-06-20T22:10:06.230271+00:00,S018,commissioning_unmounted,false,healthy,none,2000,healthy_horizontal_no_load_2000rpm,179503,1997,295,1059,1429,4,0,79749,9,0,77,1,2,,,,,,,,,,
2026-06-20T22:10:06.323878+00:00,S018,commissioning_unmounted,false,healthy,none,2000,healthy_horizontal_no_load_2000rpm,179603,1996,296,1064,1435,2,0,79829,9,0,77,0,1,,,,,,,,,,
2026-06-20T22:10:06.418049+00:00,S018,commissioning_unmounted,false,healthy,none,2000,healthy_horizontal_no_load_2000rpm,179703,1997,295,1064,1434,3,0,79908,9,0,78,1,2,,,,,,,,,,
2026-06-20T22:10:06.511644+00:00,S018,commissioning_unmounted,false,healthy,none,2000,healthy_horizontal_no_load_2000rpm,179803,1994,295,1059,1429,5,0,79988,9,0,77,0,1,,,,,,,,,,
2026-06-20T22:10:06.604176+00:00,S018,commissioning_unmounted,false,healthy,none,2000,healthy_horizontal_no_load_2000rpm,179903,1995,299,1059,1434,6,0,80068,9,0,78,0,1,,,,,,,,,,
2026-06-20T22:10:06.744693+00:00,S018,commissioning_unmounted,false,healthy,none,2000,healthy_horizontal_no_load_2000rpm,180003,1996,299,1059,1434,3,0,80148,9,0,78,0,2,,,,,,,,,,
2026-06-20T22:10:06.839393+00:00,S018,commissioning_unmounted,false,healthy,none,2000,healthy_horizontal_no_load_2000rpm,180103,1995,300,1059,1435,5,0,80228,9,0,78,0,2,,,,,,,,,,
2026-06-20T22:10:06.931656+00:00,S018,commissioning_unmounted,false,healthy,none,2000,healthy_horizontal_no_load_2000rpm,180203,1994,295,1062,1432,4,0,80307,9,0,77,0,2,,,,,,,,,,
2026-06-20T22:10:07.024651+00:00,S018,commissioning_unmounted,false,healthy,none,2000,healthy_horizontal_no_load_2000rpm,180303,1994,300,1059,1435,2,0,80387,9,0,77,0,2,,,,,,,,,,
2026-06-20T22:10:07.118368+00:00,S018,commissioning_unmounted,false,healthy,none,2000,healthy_horizontal_no_load_2000rpm,180403,1995,301,1057,1434,1,0,80467,9,0,78,0,2,,,,,,,,,,
2026-06-20T22:10:07.211838+00:00,S018,commissioning_unmounted,false,healthy,none,2000,healthy_horizontal_no_load_2000rpm,180503,1996,295,1062,1432,4,0,80547,9,0,77,0,3,,,,,,,,,,
2026-06-20T22:10:07.307559+00:00,S018,commissioning_unmounted,false,healthy,none,2000,healthy_horizontal_no_load_2000rpm,180603,1995,295,1062,1432,2,0,80627,9,0,76,0,1,,,,,,,,,,
2026-06-20T22:10:07.446756+00:00,S018,commissioning_unmounted,false,healthy,none,2000,healthy_horizontal_no_load_2000rpm,180703,1996,295,1062,1432,1,0,80707,9,0,77,0,2,,,,,,,,,,
2026-06-20T22:10:07.539379+00:00,S018,commissioning_unmounted,false,healthy,none,2000,healthy_horizontal_no_load_2000rpm,180803,1996,299,1059,1434,5,0,80786,9,0,78,0,2,,,,,,,,,,
2026-06-20T22:10:07.632306+00:00,S018,commissioning_unmounted,false,healthy,none,2000,healthy_horizontal_no_load_2000rpm,180903,1995,295,1064,1434,6,0,80866,9,0,78,0,2,,,,,,,,,,
2026-06-20T22:10:07.726245+00:00,S018,commissioning_unmounted,false,healthy,none,2000,healthy_horizontal_no_load_2000rpm,181003,1995,300,1059,1435,3,0,80946,9,0,78,0,3,,,,,,,,,,
2026-06-20T22:10:07.819410+00:00,S018,commissioning_unmounted,false,healthy,none,2000,healthy_horizontal_no_load_2000rpm,181103,1996,291,1067,1432,5,0,81026,9,0,77,0,2,,,,,,,,,,
2026-06-20T22:10:07.912713+00:00,S018,commissioning_unmounted,false,healthy,none,2000,healthy_horizontal_no_load_2000rpm,181203,1994,295,1062,1432,6,0,81106,9,0,77,1,1,,,,,,,,,,
2026-06-20T22:10:08.005060+00:00,S018,commissioning_unmounted,false,healthy,none,2000,healthy_horizontal_no_load_2000rpm,181303,1995,293,1064,1432,3,0,81186,9,0,77,0,2,,,,,,,,,,
2026-06-20T22:10:08.146171+00:00,S018,commissioning_unmounted,false,healthy,none,2000,healthy_horizontal_no_load_2000rpm,181403,1993,287,1064,1424,1,0,81265,9,0,76,0,2,,,,,,,,,,
2026-06-20T22:10:08.240177+00:00,S018,commissioning_unmounted,false,healthy,none,2000,healthy_horizontal_no_load_2000rpm,181503,1995,299,1059,1434,4,0,81345,9,0,77,1,2,,,,,,,,,,
2026-06-20T22:10:08.335797+00:00,S018,commissioning_unmounted,false,healthy,none,2000,healthy_horizontal_no_load_2000rpm,181603,1994,301,1056,1434,2,0,81425,9,0,78,0,2,,,,,,,,,,
2026-06-20T22:10:08.427298+00:00,S018,commissioning_unmounted,false,healthy,none,2000,healthy_horizontal_no_load_2000rpm,181703,1997,293,1065,1432,1,0,81505,9,0,77,0,2,,,,,,,,,,
2026-06-20T22:10:08.521589+00:00,S018,commissioning_unmounted,false,healthy,none,2000,healthy_horizontal_no_load_2000rpm,181803,1997,298,1059,1432,4,0,81585,9,0,78,0,2,,,,,,,,,,
2026-06-20T22:10:08.616248+00:00,S018,commissioning_unmounted,false,healthy,none,2000,healthy_horizontal_no_load_2000rpm,181903,1994,291,1062,1427,2,0,81665,9,0,77,0,2,,,,,,,,,,
2026-06-20T22:10:08.708491+00:00,S018,commissioning_unmounted,false,healthy,none,2000,healthy_horizontal_no_load_2000rpm,182003,1996,295,1062,1432,3,0,81744,9,0,77,0,2,,,,,,,,,,
2026-06-20T22:10:08.801688+00:00,S018,commissioning_unmounted,false,healthy,none,2000,healthy_horizontal_no_load_2000rpm,182103,1994,295,1067,1437,5,0,81824,9,0,78,0,2,,,,,,,,,,
2026-06-20T22:10:08.942215+00:00,S018,commissioning_unmounted,false,healthy,none,2000,healthy_horizontal_no_load_2000rpm,182203,1996,295,1064,1434,6,0,81904,9,0,78,0,2,,,,,,,,,,
2026-06-20T22:10:09.036640+00:00,S018,commissioning_unmounted,false,healthy,none,2000,healthy_horizontal_no_load_2000rpm,182303,1994,295,1061,1431,3,0,81984,9,0,77,0,2,,,,,,,,,,
2026-06-20T22:10:09.131276+00:00,S018,commissioning_unmounted,false,healthy,none,2000,healthy_horizontal_no_load_2000rpm,182403,1995,295,1067,1437,5,0,82064,9,0,78,0,2,,,,,,,,,,
2026-06-20T22:10:09.226209+00:00,S018,commissioning_unmounted,false,healthy,none,2000,healthy_horizontal_no_load_2000rpm,182503,1994,297,1059,1432,4,0,82143,9,0,76,0,1,,,,,,,,,,
2026-06-20T22:10:09.318891+00:00,S018,commissioning_unmounted,false,healthy,none,2000,healthy_horizontal_no_load_2000rpm,182603,1997,295,1059,1429,2,0,82223,9,0,79,0,4,,,,,,,,,,
2026-06-20T22:10:09.412721+00:00,S018,commissioning_unmounted,false,healthy,none,2000,healthy_horizontal_no_load_2000rpm,182703,1997,302,1056,1434,1,0,82303,9,0,78,0,1,,,,,,,,,,
2026-06-20T22:10:09.506310+00:00,S018,commissioning_unmounted,false,healthy,none,2000,healthy_horizontal_no_load_2000rpm,182803,1995,300,1059,1435,4,0,82383,9,0,77,0,2,,,,,,,,,,
2026-06-20T22:10:09.600664+00:00,S018,commissioning_unmounted,false,healthy,none,2000,healthy_horizontal_no_load_2000rpm,182903,1995,299,1062,1437,2,0,82463,9,0,78,0,2,,,,,,,,,,
2026-06-20T22:10:09.741418+00:00,S018,commissioning_unmounted,false,healthy,none,2000,healthy_horizontal_no_load_2000rpm,183003,1996,293,1065,1432,1,0,82543,9,0,76,0,1,,,,,,,,,,
2026-06-20T22:10:09.832577+00:00,S018,commissioning_unmounted,false,healthy,none,2000,healthy_horizontal_no_load_2000rpm,183103,1992,296,1065,1437,4,0,82623,9,0,78,0,2,,,,,,,,,,
2026-06-20T22:10:09.926893+00:00,S018,commissioning_unmounted,false,healthy,none,2000,healthy_horizontal_no_load_2000rpm,183203,1995,296,1061,1432,6,0,82702,9,0,75,0,2,,,,,,,,,,
2026-06-20T22:10:10.020078+00:00,S018,commissioning_unmounted,false,healthy,none,2000,healthy_horizontal_no_load_2000rpm,183303,1995,299,1059,1434,3,0,82782,9,0,78,0,2,,,,,,,,,,
2026-06-20T22:10:10.113649+00:00,S018,commissioning_unmounted,false,healthy,none,2000,healthy_horizontal_no_load_2000rpm,183403,1996,290,1067,1431,5,0,82862,9,0,76,0,1,,,,,,,,,,
2026-06-20T22:10:10.207417+00:00,S018,commissioning_unmounted,false,healthy,none,2000,healthy_horizontal_no_load_2000rpm,183503,1997,298,1059,1432,6,0,82942,9,0,79,0,3,,,,,,,,,,
2026-06-20T22:10:10.299340+00:00,S018,commissioning_unmounted,false,healthy,none,2000,healthy_horizontal_no_load_2000rpm,183603,1993,292,1070,1437,3,0,83022,9,0,77,1,2,,,,,,,,,,
2026-06-20T22:10:10.438248+00:00,S018,commissioning_unmounted,false,healthy,none,2000,healthy_horizontal_no_load_2000rpm,183703,1994,299,1059,1434,1,0,83101,9,0,76,0,1,,,,,,,,,,
2026-06-20T22:10:10.530816+00:00,S018,commissioning_unmounted,false,healthy,none,2000,healthy_horizontal_no_load_2000rpm,183803,1996,297,1059,1431,4,0,83181,9,0,77,0,2,,,,,,,,,,
2026-06-20T22:10:10.637906+00:00,S018,commissioning_unmounted,false,healthy,none,2000,healthy_horizontal_no_load_2000rpm,183903,1995,300,1059,1435,2,0,83261,9,0,77,1,2,,,,,,,,,,
2026-06-20T22:10:10.730114+00:00,S018,commissioning_unmounted,false,healthy,none,2000,healthy_horizontal_no_load_2000rpm,184003,1996,297,1059,1431,1,0,83341,9,0,76,0,2,,,,,,,,,,
2026-06-20T22:10:10.823751+00:00,S018,commissioning_unmounted,false,healthy,none,2000,healthy_horizontal_no_load_2000rpm,184103,1995,299,1059,1434,4,0,83421,9,0,78,0,2,,,,,,,,,,
2026-06-20T22:10:10.919409+00:00,S018,commissioning_unmounted,false,healthy,none,2000,healthy_horizontal_no_load_2000rpm,184203,1995,300,1059,1435,2,0,83501,9,0,78,1,1,,,,,,,,,,
2026-06-20T22:10:11.012850+00:00,S018,commissioning_unmounted,false,healthy,none,2000,healthy_horizontal_no_load_2000rpm,184303,1996,292,1069,1435,3,0,83580,9,0,77,0,2,,,,,,,,,,
2026-06-20T22:10:11.104834+00:00,S018,commissioning_unmounted,false,healthy,none,2000,healthy_horizontal_no_load_2000rpm,184403,1995,301,1057,1434,5,0,83660,9,0,77,0,2,,,,,,,,,,
2026-06-20T22:10:11.198485+00:00,S018,commissioning_unmounted,false,healthy,none,2000,healthy_horizontal_no_load_2000rpm,184503,1995,289,1064,1427,6,0,83740,9,0,77,0,2,,,,,,,,,,
2026-06-20T22:10:11.292051+00:00,S018,commissioning_unmounted,false,healthy,none,2000,healthy_horizontal_no_load_2000rpm,184603,1995,295,1059,1429,3,0,83820,9,0,75,1,1,,,,,,,,,,
2026-06-20T22:10:11.433073+00:00,S018,commissioning_unmounted,false,healthy,none,2000,healthy_horizontal_no_load_2000rpm,184703,1997,300,1056,1432,5,0,83900,9,0,78,0,2,,,,,,,,,,
2026-06-20T22:10:11.526836+00:00,S018,commissioning_unmounted,false,healthy,none,2000,healthy_horizontal_no_load_2000rpm,184803,1994,300,1059,1435,6,0,83980,9,0,78,0,1,,,,,,,,,,
2026-06-20T22:10:11.619487+00:00,S018,commissioning_unmounted,false,healthy,none,2000,healthy_horizontal_no_load_2000rpm,184903,1993,295,1067,1437,2,0,84059,9,0,77,0,1,,,,,,,,,,
2026-06-20T22:10:11.712805+00:00,S018,commissioning_unmounted,false,healthy,none,2000,healthy_horizontal_no_load_2000rpm,185003,1996,293,1062,1429,1,0,84139,9,0,76,0,2,,,,,,,,,,
2026-06-20T22:10:11.806252+00:00,S018,commissioning_unmounted,false,healthy,none,2000,healthy_horizontal_no_load_2000rpm,185103,1994,301,1059,1437,4,0,84219,9,0,77,1,1,,,,,,,,,,
2026-06-20T22:10:11.900810+00:00,S018,commissioning_unmounted,false,healthy,none,2000,healthy_horizontal_no_load_2000rpm,185203,1995,297,1061,1434,2,0,84299,9,0,76,1,1,,,,,,,,,,
2026-06-20T22:10:11.992491+00:00,S018,commissioning_unmounted,false,healthy,none,2000,healthy_horizontal_no_load_2000rpm,185303,1994,296,1062,1434,1,0,84379,9,0,78,0,2,,,,,,,,,,
2026-06-20T22:10:12.087383+00:00,S018,commissioning_unmounted,false,healthy,none,2000,healthy_horizontal_no_load_2000rpm,185403,1996,293,1064,1432,4,0,84459,9,0,75,0,1,,,,,,,,,,
2026-06-20T22:10:12.227246+00:00,S018,commissioning_unmounted,false,healthy,none,2000,healthy_horizontal_no_load_2000rpm,185503,1997,295,1059,1429,6,0,84538,9,0,77,0,1,,,,,,,,,,
2026-06-20T22:10:12.320457+00:00,S018,commissioning_unmounted,false,healthy,none,2000,healthy_horizontal_no_load_2000rpm,185603,1995,293,1064,1432,3,0,84618,9,0,76,0,2,,,,,,,,,,
2026-06-20T22:10:12.414933+00:00,S018,commissioning_unmounted,false,healthy,none,2000,healthy_horizontal_no_load_2000rpm,185703,1994,299,1059,1434,5,0,84698,9,0,78,0,3,,,,,,,,,,
2026-06-20T22:10:12.509053+00:00,S018,commissioning_unmounted,false,healthy,none,2000,healthy_horizontal_no_load_2000rpm,185803,1992,287,1064,1424,6,0,84778,9,0,76,0,2,,,,,,,,,,
2026-06-20T22:10:12.602820+00:00,S018,commissioning_unmounted,false,healthy,none,2000,healthy_horizontal_no_load_2000rpm,185903,1995,301,1057,1434,3,0,84858,9,0,77,0,2,,,,,,,,,,
2026-06-20T22:10:12.695578+00:00,S018,commissioning_unmounted,false,healthy,none,2000,healthy_horizontal_no_load_2000rpm,186003,1994,295,1067,1437,1,0,84937,9,0,77,1,2,,,,,,,,,,
2026-06-20T22:10:12.790034+00:00,S018,commissioning_unmounted,false,healthy,none,2000,healthy_horizontal_no_load_2000rpm,186103,1998,294,1064,1432,4,0,85017,9,0,77,1,2,,,,,,,,,,
2026-06-20T22:10:12.931081+00:00,S018,commissioning_unmounted,false,healthy,none,2000,healthy_horizontal_no_load_2000rpm,186203,1995,300,1059,1435,2,0,85097,9,0,78,0,2,,,,,,,,,,
2026-06-20T22:10:13.024787+00:00,S018,commissioning_unmounted,false,healthy,none,2000,healthy_horizontal_no_load_2000rpm,186303,1993,299,1059,1434,1,0,85177,9,0,78,0,3,,,,,,,,,,
2026-06-20T22:10:13.110564+00:00,S018,commissioning_unmounted,false,healthy,none,2000,healthy_horizontal_no_load_2000rpm,186403,1996,300,1059,1435,4,0,85257,9,0,77,0,2,,,,,,,,,,
2026-06-20T22:10:13.211065+00:00,S018,commissioning_unmounted,false,healthy,none,2000,healthy_horizontal_no_load_2000rpm,186503,1996,297,1059,1432,2,0,85337,9,0,77,0,1,,,,,,,,,,
2026-06-20T22:10:13.303895+00:00,S018,commissioning_unmounted,false,healthy,none,2000,healthy_horizontal_no_load_2000rpm,186603,1993,299,1059,1435,3,0,85416,9,0,78,0,2,,,,,,,,,,
2026-06-20T22:10:13.397354+00:00,S018,commissioning_unmounted,false,healthy,none,2000,healthy_horizontal_no_load_2000rpm,186703,1996,293,1062,1429,5,0,85496,9,0,77,0,2,,,,,,,,,,
2026-06-20T22:10:13.489114+00:00,S018,commissioning_unmounted,false,healthy,none,2000,healthy_horizontal_no_load_2000rpm,186803,1996,301,1057,1434,6,0,85576,9,0,78,0,1,,,,,,,,,,
2026-06-20T22:10:13.629604+00:00,S018,commissioning_unmounted,false,healthy,none,2000,healthy_horizontal_no_load_2000rpm,186903,1994,297,1059,1432,3,0,85656,9,0,77,1,2,,,,,,,,,,
2026-06-20T22:10:13.723989+00:00,S018,commissioning_unmounted,false,healthy,none,2000,healthy_horizontal_no_load_2000rpm,187003,1995,290,1070,1434,5,0,85736,9,0,77,0,2,,,,,,,,,,
2026-06-20T22:10:13.816870+00:00,S018,commissioning_unmounted,false,healthy,none,2000,healthy_horizontal_no_load_2000rpm,187103,1996,293,1062,1429,4,0,85815,9,0,77,0,2,,,,,,,,,,
2026-06-20T22:10:13.910644+00:00,S018,commissioning_unmounted,false,healthy,none,2000,healthy_horizontal_no_load_2000rpm,187203,1994,295,1067,1437,2,0,85895,9,0,78,0,2,,,,,,,,,,
2026-06-20T22:10:14.002722+00:00,S018,commissioning_unmounted,false,healthy,none,2000,healthy_horizontal_no_load_2000rpm,187303,1993,297,1059,1432,1,0,85975,9,0,78,0,2,,,,,,,,,,
2026-06-20T22:10:14.095484+00:00,S018,commissioning_unmounted,false,healthy,none,2000,healthy_horizontal_no_load_2000rpm,187403,1995,292,1070,1437,4,0,86055,9,0,79,0,2,,,,,,,,,,
2026-06-20T22:10:14.188060+00:00,S018,commissioning_unmounted,false,healthy,none,2000,healthy_horizontal_no_load_2000rpm,187503,1995,297,1064,1437,2,0,86135,9,0,78,0,2,,,,,,,,,,
2026-06-20T22:10:14.281651+00:00,S018,commissioning_unmounted,false,healthy,none,2000,healthy_horizontal_no_load_2000rpm,187603,1995,299,1062,1437,1,0,86215,9,0,78,1,2,,,,,,,,,,
2026-06-20T22:10:14.422272+00:00,S018,commissioning_unmounted,false,healthy,none,2000,healthy_horizontal_no_load_2000rpm,187703,1996,302,1056,1435,5,0,86294,9,0,77,0,1,,,,,,,,,,
2026-06-20T22:10:14.516101+00:00,S018,commissioning_unmounted,false,healthy,none,2000,healthy_horizontal_no_load_2000rpm,187803,1995,297,1062,1435,6,0,86374,9,0,77,0,1,,,,,,,,,,
2026-06-20T22:10:14.610079+00:00,S018,commissioning_unmounted,false,healthy,none,2000,healthy_horizontal_no_load_2000rpm,187903,1993,290,1070,1434,3,0,86454,9,0,78,0,3,,,,,,,,,,
2026-06-20T22:10:14.704838+00:00,S018,commissioning_unmounted,false,healthy,none,2000,healthy_horizontal_no_load_2000rpm,188003,1996,291,1067,1432,5,0,86534,9,0,76,0,1,,,,,,,,,,
2026-06-20T22:10:14.799300+00:00,S018,commissioning_unmounted,false,healthy,none,2000,healthy_horizontal_no_load_2000rpm,188103,1993,297,1064,1437,4,0,86613,9,0,77,0,2,,,,,,,,,,
2026-06-20T22:10:14.892157+00:00,S018,commissioning_unmounted,false,healthy,none,2000,healthy_horizontal_no_load_2000rpm,188203,1996,295,1062,1432,2,0,86693,9,0,78,0,2,,,,,,,,,,
2026-06-20T22:10:14.983793+00:00,S018,commissioning_unmounted,false,healthy,none,2000,healthy_horizontal_no_load_2000rpm,188303,1994,300,1059,1435,1,0,86773,9,0,78,1,2,,,,,,,,,,
2026-06-20T22:10:15.092013+00:00,S018,commissioning_unmounted,false,healthy,none,2000,healthy_horizontal_no_load_2000rpm,188403,1996,297,1059,1432,4,0,86853,9,0,77,0,1,,,,,,,,,,
2026-06-20T22:10:15.186218+00:00,S018,commissioning_unmounted,false,healthy,none,2000,healthy_horizontal_no_load_2000rpm,188503,1995,293,1067,1435,2,0,86933,9,0,78,0,2,,,,,,,,,,
2026-06-20T22:10:15.278865+00:00,S018,commissioning_unmounted,false,healthy,none,2000,healthy_horizontal_no_load_2000rpm,188603,1996,297,1062,1434,1,0,87013,9,0,77,0,1,,,,,,,,,,
2026-06-20T22:10:15.420133+00:00,S018,commissioning_unmounted,false,healthy,none,2000,healthy_horizontal_no_load_2000rpm,188703,1994,292,1067,1434,4,0,87093,9,0,76,1,2,,,,,,,,,,
2026-06-20T22:10:15.512686+00:00,S018,commissioning_unmounted,false,healthy,none,2000,healthy_horizontal_no_load_2000rpm,188803,1997,300,1056,1432,6,0,87172,9,0,78,0,2,,,,,,,,,,
2026-06-20T22:10:15.605747+00:00,S018,commissioning_unmounted,false,healthy,none,2000,healthy_horizontal_no_load_2000rpm,188903,1995,295,1064,1434,3,0,87252,9,0,77,1,1,,,,,,,,,,
2026-06-20T22:10:15.699267+00:00,S018,commissioning_unmounted,false,healthy,none,2000,healthy_horizontal_no_load_2000rpm,189003,1996,301,1056,1434,5,0,87332,9,0,78,0,2,,,,,,,,,,
2026-06-20T22:10:15.792662+00:00,S018,commissioning_unmounted,false,healthy,none,2000,healthy_horizontal_no_load_2000rpm,189103,1995,294,1065,1434,6,0,87412,9,0,77,0,2,,,,,,,,,,
2026-06-20T22:10:15.887526+00:00,S018,commissioning_unmounted,false,healthy,none,2000,healthy_horizontal_no_load_2000rpm,189203,1995,293,1062,1429,3,0,87492,9,0,75,0,1,,,,,,,,,,
2026-06-20T22:10:15.981455+00:00,S018,commissioning_unmounted,false,healthy,none,2000,healthy_horizontal_no_load_2000rpm,189303,1995,300,1059,1435,1,0,87571,9,0,77,1,1,,,,,,,,,,
2026-06-20T22:10:16.074343+00:00,S018,commissioning_unmounted,false,healthy,none,2000,healthy_horizontal_no_load_2000rpm,189403,1996,300,1059,1435,4,0,87651,9,0,79,1,3,,,,,,,,,,
2026-06-20T22:10:16.215762+00:00,S018,commissioning_unmounted,false,healthy,none,2000,healthy_horizontal_no_load_2000rpm,189503,1995,296,1059,1431,2,0,87731,9,0,76,1,1,,,,,,,,,,
2026-06-20T22:10:16.310730+00:00,S018,commissioning_unmounted,false,healthy,none,2000,healthy_horizontal_no_load_2000rpm,189603,1993,292,1067,1434,1,0,87811,9,0,77,0,2,,,,,,,,,,
2026-06-20T22:10:16.403602+00:00,S018,commissioning_unmounted,false,healthy,none,2000,healthy_horizontal_no_load_2000rpm,189703,1993,295,1062,1432,4,0,87891,9,0,77,0,1,,,,,,,,,,
2026-06-20T22:10:16.497894+00:00,S018,commissioning_unmounted,false,healthy,none,2000,healthy_horizontal_no_load_2000rpm,189803,1994,297,1059,1432,6,0,87970,9,0,78,0,3,,,,,,,,,,
2026-06-20T22:10:16.591618+00:00,S018,commissioning_unmounted,false,healthy,none,2000,healthy_horizontal_no_load_2000rpm,189903,1995,300,1059,1435,3,0,88050,9,0,77,0,2,,,,,,,,,,
2026-06-20T22:10:16.685092+00:00,S018,commissioning_unmounted,false,healthy,none,2000,healthy_horizontal_no_load_2000rpm,190003,1996,293,1067,1434,5,0,88130,9,0,78,0,3,,,,,,,,,,
2026-06-20T22:10:16.777425+00:00,S018,commissioning_unmounted,false,healthy,none,2000,healthy_horizontal_no_load_2000rpm,190103,1997,298,1059,1432,6,0,88210,9,0,78,0,2,,,,,,,,,,
2026-06-20T22:10:16.917479+00:00,S018,commissioning_unmounted,false,healthy,none,2000,healthy_horizontal_no_load_2000rpm,190203,1995,297,1059,1432,3,0,88290,9,0,77,0,2,,,,,,,,,,
2026-06-20T22:10:17.011795+00:00,S018,commissioning_unmounted,false,healthy,none,2000,healthy_horizontal_no_load_2000rpm,190303,1994,295,1064,1434,5,0,88370,9,0,75,0,0,,,,,,,,,,
2026-06-20T22:10:17.104811+00:00,S018,commissioning_unmounted,false,healthy,none,2000,healthy_horizontal_no_load_2000rpm,190403,1996,292,1066,1432,4,0,88449,9,0,76,0,1,,,,,,,,,,
2026-06-20T22:10:17.197303+00:00,S018,commissioning_unmounted,false,healthy,none,2000,healthy_horizontal_no_load_2000rpm,190503,1995,299,1059,1434,2,0,88529,9,0,77,0,1,,,,,,,,,,
2026-06-20T22:10:17.290086+00:00,S018,commissioning_unmounted,false,healthy,none,2000,healthy_horizontal_no_load_2000rpm,190603,1995,294,1065,1434,1,0,88609,9,0,78,0,2,,,,,,,,,,
2026-06-20T22:10:17.384272+00:00,S018,commissioning_unmounted,false,healthy,none,2000,healthy_horizontal_no_load_2000rpm,190703,1994,301,1059,1437,4,0,88689,9,0,78,1,2,,,,,,,,,,
2026-06-20T22:10:17.477776+00:00,S018,commissioning_unmounted,false,healthy,none,2000,healthy_horizontal_no_load_2000rpm,190803,1995,300,1059,1435,2,0,88769,9,0,76,1,1,,,,,,,,,,
2026-06-20T22:10:17.572303+00:00,S018,commissioning_unmounted,false,healthy,none,2000,healthy_horizontal_no_load_2000rpm,190903,1995,300,1059,1435,3,0,88848,9,0,79,1,3,,,,,,,,,,
2026-06-20T22:10:17.714747+00:00,S018,commissioning_unmounted,false,healthy,none,2000,healthy_horizontal_no_load_2000rpm,191003,1995,295,1059,1429,5,0,88928,9,0,76,0,1,,,,,,,,,,
2026-06-20T22:10:17.806086+00:00,S018,commissioning_unmounted,false,healthy,none,2000,healthy_horizontal_no_load_2000rpm,191103,1996,295,1064,1434,6,0,89008,9,0,77,0,2,,,,,,,,,,
2026-06-20T22:10:17.899192+00:00,S018,commissioning_unmounted,false,healthy,none,2000,healthy_horizontal_no_load_2000rpm,191203,1995,296,1064,1435,3,0,89088,9,0,77,0,2,,,,,,,,,,
2026-06-20T22:10:17.991445+00:00,S018,commissioning_unmounted,false,healthy,none,2000,healthy_horizontal_no_load_2000rpm,191303,1996,295,1062,1432,5,0,89168,9,0,77,0,2,,,,,,,,,,
2026-06-20T22:10:18.085616+00:00,S018,commissioning_unmounted,false,healthy,none,2000,healthy_horizontal_no_load_2000rpm,191403,1995,299,1059,1434,4,0,89247,9,0,78,0,2,,,,,,,,,,
2026-06-20T22:10:18.179212+00:00,S018,commissioning_unmounted,false,healthy,none,2000,healthy_horizontal_no_load_2000rpm,191503,1995,301,1059,1437,2,0,89327,9,0,79,0,3,,,,,,,,,,
2026-06-20T22:10:18.272154+00:00,S018,commissioning_unmounted,false,healthy,none,2000,healthy_horizontal_no_load_2000rpm,191603,1996,293,1064,1432,1,0,89407,9,0,77,0,2,,,,,,,,,,
2026-06-20T22:10:18.412365+00:00,S018,commissioning_unmounted,false,healthy,none,2000,healthy_horizontal_no_load_2000rpm,191703,1994,292,1065,1432,4,0,89487,9,0,76,1,2,,,,,,,,,,
2026-06-20T22:10:18.505646+00:00,S018,commissioning_unmounted,false,healthy,none,2000,healthy_horizontal_no_load_2000rpm,191803,1994,293,1064,1432,2,0,89567,9,0,76,0,1,,,,,,,,,,
2026-06-20T22:10:18.599760+00:00,S018,commissioning_unmounted,false,healthy,none,2000,healthy_horizontal_no_load_2000rpm,191903,1997,293,1067,1434,1,0,89647,9,0,75,0,0,,,,,,,,,,
2026-06-20T22:10:18.693797+00:00,S018,commissioning_unmounted,false,healthy,none,2000,healthy_horizontal_no_load_2000rpm,192003,1995,292,1069,1435,5,0,89726,9,0,77,0,2,,,,,,,,,,
2026-06-20T22:10:18.787647+00:00,S018,commissioning_unmounted,false,healthy,none,2000,healthy_horizontal_no_load_2000rpm,192103,1994,299,1059,1434,6,0,89806,9,0,78,0,3,,,,,,,,,,
2026-06-20T22:10:18.881875+00:00,S018,commissioning_unmounted,false,healthy,none,2000,healthy_horizontal_no_load_2000rpm,192203,1992,287,1067,1427,3,0,89886,9,0,76,0,2,,,,,,,,,,
2026-06-20T22:10:18.975838+00:00,S018,commissioning_unmounted,false,healthy,none,2000,healthy_horizontal_no_load_2000rpm,192303,1996,295,1059,1429,5,0,89966,9,0,78,0,2,,,,,,,,,,
2026-06-20T22:10:19.069310+00:00,S018,commissioning_unmounted,false,healthy,none,2000,healthy_horizontal_no_load_2000rpm,192403,1995,297,1059,1432,6,0,90046,9,0,76,0,2,,,,,,,,,,
2026-06-20T22:10:19.208005+00:00,S018,commissioning_unmounted,false,healthy,none,2000,healthy_horizontal_no_load_2000rpm,192503,1995,301,1059,1437,2,0,90125,9,0,77,0,1,,,,,,,,,,
2026-06-20T22:10:19.302242+00:00,S018,commissioning_unmounted,false,healthy,none,2000,healthy_horizontal_no_load_2000rpm,192603,1995,296,1061,1432,1,0,90205,9,0,76,0,1,,,,,,,,,,
2026-06-20T22:10:19.395374+00:00,S018,commissioning_unmounted,false,healthy,none,2000,healthy_horizontal_no_load_2000rpm,192703,1995,290,1070,1434,4,0,90285,9,0,78,0,2,,,,,,,,,,
2026-06-20T22:10:19.487954+00:00,S018,commissioning_unmounted,false,healthy,none,2000,healthy_horizontal_no_load_2000rpm,192803,1995,287,1066,1426,2,0,90365,9,0,75,0,1,,,,,,,,,,
2026-06-20T22:10:19.582775+00:00,S018,commissioning_unmounted,false,healthy,none,2000,healthy_horizontal_no_load_2000rpm,192903,1996,301,1056,1434,1,0,90445,9,0,77,0,1,,,,,,,,,,
2026-06-20T22:10:19.674764+00:00,S018,commissioning_unmounted,false,healthy,none,2000,healthy_horizontal_no_load_2000rpm,193003,1994,296,1062,1434,4,0,90525,9,0,77,1,1,,,,,,,,,,
2026-06-20T22:10:19.767206+00:00,S018,commissioning_unmounted,false,healthy,none,2000,healthy_horizontal_no_load_2000rpm,193103,1994,296,1062,1434,6,0,90604,9,0,77,0,1,,,,,,,,,,
2026-06-20T22:10:19.906757+00:00,S018,commissioning_unmounted,false,healthy,none,2000,healthy_horizontal_no_load_2000rpm,193203,1996,302,1056,1435,3,0,90684,9,0,78,0,2,,,,,,,,,,
2026-06-20T22:10:20.000157+00:00,S018,commissioning_unmounted,false,healthy,none,2000,healthy_horizontal_no_load_2000rpm,193303,1997,293,1062,1429,5,0,90764,9,0,77,0,2,,,,,,,,,,
2026-06-20T22:10:20.094483+00:00,S018,commissioning_unmounted,false,healthy,none,2000,healthy_horizontal_no_load_2000rpm,193403,1993,296,1065,1437,6,0,90844,9,0,78,0,2,,,,,,,,,,
2026-06-20T22:10:20.187368+00:00,S018,commissioning_unmounted,false,healthy,none,2000,healthy_horizontal_no_load_2000rpm,193503,1997,291,1067,1432,3,0,90924,9,0,75,0,0,,,,,,,,,,
2026-06-20T22:10:20.294986+00:00,S018,commissioning_unmounted,false,healthy,none,2000,healthy_horizontal_no_load_2000rpm,193603,1996,296,1064,1435,5,0,91004,9,0,77,0,1,,,,,,,,,,
2026-06-20T22:10:20.386885+00:00,S018,commissioning_unmounted,false,healthy,none,2000,healthy_horizontal_no_load_2000rpm,193703,1995,299,1059,1434,4,0,91083,9,0,77,0,1,,,,,,,,,,
2026-06-20T22:10:20.480310+00:00,S018,commissioning_unmounted,false,healthy,none,2000,healthy_horizontal_no_load_2000rpm,193803,1995,293,1067,1435,2,0,91163,9,0,77,0,2,,,,,,,,,,
2026-06-20T22:10:20.573658+00:00,S018,commissioning_unmounted,false,healthy,none,2000,healthy_horizontal_no_load_2000rpm,193903,1995,290,1070,1434,1,0,91243,9,0,78,0,2,,,,,,,,,,
2026-06-20T22:10:20.667764+00:00,S018,commissioning_unmounted,false,healthy,none,2000,healthy_horizontal_no_load_2000rpm,194003,1996,289,1064,1426,4,0,91323,9,0,76,0,2,,,,,,,,,,
2026-06-20T22:10:20.761704+00:00,S018,commissioning_unmounted,false,healthy,none,2000,healthy_horizontal_no_load_2000rpm,194103,1997,293,1065,1432,2,0,91403,9,0,76,0,1,,,,,,,,,,
2026-06-20T22:10:20.902055+00:00,S018,commissioning_unmounted,false,healthy,none,2000,healthy_horizontal_no_load_2000rpm,194203,1999,292,1061,1427,1,0,91483,9,0,77,0,1,,,,,,,,,,
2026-06-20T22:10:20.995693+00:00,S018,commissioning_unmounted,false,healthy,none,2000,healthy_horizontal_no_load_2000rpm,194303,1997,298,1059,1432,4,0,91563,9,0,78,0,2,,,,,,,,,,
2026-06-20T22:10:21.088587+00:00,S018,commissioning_unmounted,false,healthy,none,2000,healthy_horizontal_no_load_2000rpm,194403,1994,294,1062,1431,6,0,91642,9,0,76,0,1,,,,,,,,,,
2026-06-20T22:10:21.181634+00:00,S018,commissioning_unmounted,false,healthy,none,2000,healthy_horizontal_no_load_2000rpm,194503,1995,301,1056,1434,3,0,91722,9,0,78,0,2,,,,,,,,,,
2026-06-20T22:10:21.275759+00:00,S018,commissioning_unmounted,false,healthy,none,2000,healthy_horizontal_no_load_2000rpm,194603,1996,299,1059,1434,5,0,91802,9,0,76,1,2,,,,,,,,,,
2026-06-20T22:10:21.369387+00:00,S018,commissioning_unmounted,false,healthy,none,2000,healthy_horizontal_no_load_2000rpm,194703,1992,299,1059,1435,6,0,91882,9,0,78,0,3,,,,,,,,,,
2026-06-20T22:10:21.462622+00:00,S018,commissioning_unmounted,false,healthy,none,2000,healthy_horizontal_no_load_2000rpm,194803,1993,297,1062,1435,3,0,91962,9,0,78,1,2,,,,,,,,,,
2026-06-20T22:10:21.603395+00:00,S018,commissioning_unmounted,false,healthy,none,2000,healthy_horizontal_no_load_2000rpm,194903,1993,291,1069,1435,1,0,92041,9,0,78,0,2,,,,,,,,,,
2026-06-20T22:10:21.696418+00:00,S018,commissioning_unmounted,false,healthy,none,2000,healthy_horizontal_no_load_2000rpm,195003,1995,297,1062,1435,4,0,92121,9,0,77,0,1,,,,,,,,,,
2026-06-20T22:10:21.789433+00:00,S018,commissioning_unmounted,false,healthy,none,2000,healthy_horizontal_no_load_2000rpm,195103,1996,299,1059,1434,2,0,92201,9,0,77,0,1,,,,,,,,,,
2026-06-20T22:10:21.882658+00:00,S018,commissioning_unmounted,false,healthy,none,2000,healthy_horizontal_no_load_2000rpm,195203,1996,292,1061,1427,1,0,92281,9,0,77,0,2,,,,,,,,,,
2026-06-20T22:10:21.975225+00:00,S018,commissioning_unmounted,false,healthy,none,2000,healthy_horizontal_no_load_2000rpm,195303,1997,298,1061,1435,4,0,92361,9,0,77,0,1,,,,,,,,,,
2026-06-20T22:10:22.068639+00:00,S018,commissioning_unmounted,false,healthy,none,2000,healthy_horizontal_no_load_2000rpm,195403,2003,300,1054,1429,2,0,92441,9,0,78,0,2,,,,,,,,,,
2026-06-20T22:10:22.162808+00:00,S018,commissioning_unmounted,false,healthy,none,2000,healthy_horizontal_no_load_2000rpm,195503,2002,290,1064,1427,1,0,92521,9,0,76,0,1,,,,,,,,,,
2026-06-20T22:10:22.256989+00:00,S018,commissioning_unmounted,false,healthy,none,2000,healthy_horizontal_no_load_2000rpm,195603,1999,298,1059,1432,4,0,92601,9,0,77,0,3,,,,,,,,,,
2026-06-20T22:10:22.396431+00:00,S018,commissioning_unmounted,false,healthy,none,2000,healthy_horizontal_no_load_2000rpm,195703,1992,297,1064,1437,2,0,92681,9,0,77,0,2,,,,,,,,,,
2026-06-20T22:10:22.490663+00:00,S018,commissioning_unmounted,false,healthy,none,2000,healthy_horizontal_no_load_2000rpm,195803,1992,298,1061,1435,1,0,92761,9,0,78,0,2,,,,,,,,,,
2026-06-20T22:10:22.583917+00:00,S018,commissioning_unmounted,false,healthy,none,2000,healthy_horizontal_no_load_2000rpm,195903,1996,295,1059,1429,4,0,92841,9,0,77,0,1,,,,,,,,,,
2026-06-20T22:10:22.677739+00:00,S018,commissioning_unmounted,false,healthy,none,2000,healthy_horizontal_no_load_2000rpm,196003,1994,290,1070,1434,6,0,92920,9,0,78,0,2,,,,,,,,,,
2026-06-20T22:10:22.770603+00:00,S018,commissioning_unmounted,false,healthy,none,2000,healthy_horizontal_no_load_2000rpm,196103,1998,292,1064,1429,3,0,93000,9,0,76,0,2,,,,,,,,,,
2026-06-20T22:10:22.864706+00:00,S018,commissioning_unmounted,false,healthy,none,2000,healthy_horizontal_no_load_2000rpm,196203,1994,299,1059,1434,5,0,93080,9,0,77,0,2,,,,,,,,,,
2026-06-20T22:10:22.958534+00:00,S018,commissioning_unmounted,false,healthy,none,2000,healthy_horizontal_no_load_2000rpm,196303,1993,287,1067,1427,6,0,93160,9,0,76,0,2,,,,,,,,,,
2026-06-20T22:10:23.052498+00:00,S018,commissioning_unmounted,false,healthy,none,2000,healthy_horizontal_no_load_2000rpm,196403,1994,292,1062,1429,3,0,93240,9,0,76,0,2,,,,,,,,,,
2026-06-20T22:10:23.192705+00:00,S018,commissioning_unmounted,false,healthy,none,2000,healthy_horizontal_no_load_2000rpm,196503,1993,301,1059,1437,1,0,93319,9,0,78,0,3,,,,,,,,,,
2026-06-20T22:10:23.284902+00:00,S018,commissioning_unmounted,false,healthy,none,2000,healthy_horizontal_no_load_2000rpm,196603,1997,291,1062,1427,4,0,93399,9,0,76,0,1,,,,,,,,,,
2026-06-20T22:10:23.379226+00:00,S018,commissioning_unmounted,false,healthy,none,2000,healthy_horizontal_no_load_2000rpm,196703,1986,294,1069,1440,2,0,93479,9,0,77,1,2,,,,,,,,,,
2026-06-20T22:10:23.471523+00:00,S018,commissioning_unmounted,false,healthy,none,2000,healthy_horizontal_no_load_2000rpm,196803,1985,297,1064,1439,3,0,93558,9,0,77,1,2,,,,,,,,,,
2026-06-20T22:10:23.562813+00:00,S018,commissioning_unmounted,false,healthy,none,2000,healthy_horizontal_no_load_2000rpm,196903,1990,294,1062,1432,5,0,93638,9,0,77,1,2,,,,,,,,,,
2026-06-20T22:10:23.671721+00:00,S018,commissioning_unmounted,false,healthy,none,2000,healthy_horizontal_no_load_2000rpm,197003,1993,301,1059,1437,6,0,93718,9,0,78,0,2,,,,,,,,,,
2026-06-20T22:10:23.781270+00:00,S018,commissioning_unmounted,false,healthy,none,2000,healthy_horizontal_no_load_2000rpm,197103,1992,295,1067,1437,2,0,93797,9,0,77,0,2,,,,,,,,,,
2026-06-20T22:10:23.889473+00:00,S018,commissioning_unmounted,false,healthy,none,2000,healthy_horizontal_no_load_2000rpm,197203,1997,293,1067,1434,1,0,93877,9,0,75,0,1,,,,,,,,,,
2026-06-20T22:10:23.982601+00:00,S018,commissioning_unmounted,false,healthy,none,2000,healthy_horizontal_no_load_2000rpm,197303,1994,291,1069,1434,4,0,93957,9,0,78,0,2,,,,,,,,,,
2026-06-20T22:10:24.076632+00:00,S018,commissioning_unmounted,false,healthy,none,2000,healthy_horizontal_no_load_2000rpm,197403,1994,290,1070,1434,2,0,94037,9,0,77,0,2,,,,,,,,,,
2026-06-20T22:10:24.170777+00:00,S018,commissioning_unmounted,false,healthy,none,2000,healthy_horizontal_no_load_2000rpm,197503,1997,295,1062,1432,1,0,94117,9,0,78,0,2,,,,,,,,,,
2026-06-20T22:10:24.264657+00:00,S018,commissioning_unmounted,false,healthy,none,2000,healthy_horizontal_no_load_2000rpm,197603,1996,289,1064,1426,4,0,94197,9,0,76,0,2,,,,,,,,,,
2026-06-20T22:10:24.390268+00:00,S018,commissioning_unmounted,false,healthy,none,2000,healthy_horizontal_no_load_2000rpm,197703,1993,295,1064,1435,6,0,94276,9,0,77,0,1,,,,,,,,,,
2026-06-20T22:10:24.484777+00:00,S018,commissioning_unmounted,false,healthy,none,2000,healthy_horizontal_no_load_2000rpm,197803,1995,297,1059,1432,3,0,94356,9,0,77,1,2,,,,,,,,,,
2026-06-20T22:10:24.578246+00:00,S018,commissioning_unmounted,false,healthy,none,2000,healthy_horizontal_no_load_2000rpm,197903,1996,290,1064,1427,5,0,94436,9,0,75,0,2,,,,,,,,,,
2026-06-20T22:10:24.686385+00:00,S018,commissioning_unmounted,false,healthy,none,2000,healthy_horizontal_no_load_2000rpm,198003,1999,296,1061,1432,6,0,94516,9,0,77,0,2,,,,,,,,,,
2026-06-20T22:10:24.779272+00:00,S018,commissioning_unmounted,false,healthy,none,2000,healthy_horizontal_no_load_2000rpm,198103,1995,298,1061,1435,3,0,94596,9,0,77,0,2,,,,,,,,,,
2026-06-20T22:10:24.872716+00:00,S018,commissioning_unmounted,false,healthy,none,2000,healthy_horizontal_no_load_2000rpm,198203,1996,289,1069,1432,5,0,94676,9,0,77,0,1,,,,,,,,,,
2026-06-20T22:10:24.967059+00:00,S018,commissioning_unmounted,false,healthy,none,2000,healthy_horizontal_no_load_2000rpm,198303,1998,300,1057,1432,6,0,94756,9,0,78,0,1,,,,,,,,,,
2026-06-20T22:10:25.061553+00:00,S018,commissioning_unmounted,false,healthy,none,2000,healthy_horizontal_no_load_2000rpm,198403,1997,301,1057,1434,2,0,94835,9,0,77,0,1,,,,,,,,,,
2026-06-20T22:10:25.187791+00:00,S018,commissioning_unmounted,false,healthy,none,2000,healthy_horizontal_no_load_2000rpm,198503,1994,293,1069,1437,1,0,94915,9,0,78,1,2,,,,,,,,,,
2026-06-20T22:10:25.281113+00:00,S018,commissioning_unmounted,false,healthy,none,2000,healthy_horizontal_no_load_2000rpm,198603,1994,296,1062,1434,4,0,94995,9,0,77,0,2,,,,,,,,,,
2026-06-20T22:10:25.374578+00:00,S018,commissioning_unmounted,false,healthy,none,2000,healthy_horizontal_no_load_2000rpm,198703,1996,293,1061,1429,2,0,95075,9,0,77,0,3,,,,,,,,,,
2026-06-20T22:10:25.468844+00:00,S018,commissioning_unmounted,false,healthy,none,2000,healthy_horizontal_no_load_2000rpm,198803,1996,297,1062,1434,1,0,95155,9,0,77,0,2,,,,,,,,,,
2026-06-20T22:10:25.562068+00:00,S018,commissioning_unmounted,false,healthy,none,2000,healthy_horizontal_no_load_2000rpm,198903,1993,293,1069,1437,5,0,95234,9,0,77,0,2,,,,,,,,,,
2026-06-20T22:10:25.671167+00:00,S018,commissioning_unmounted,false,healthy,none,2000,healthy_horizontal_no_load_2000rpm,199003,1995,300,1059,1435,6,0,95314,9,0,78,1,2,,,,,,,,,,
2026-06-20T22:10:25.749952+00:00,S018,commissioning_unmounted,false,healthy,none,2000,healthy_horizontal_no_load_2000rpm,199103,1997,286,1067,1426,3,0,95394,9,0,75,0,0,,,,,,,,,,
2026-06-20T22:10:25.844987+00:00,S018,commissioning_unmounted,false,healthy,none,2000,healthy_horizontal_no_load_2000rpm,199203,1994,295,1064,1434,5,0,95474,9,0,78,0,2,,,,,,,,,,
2026-06-20T22:10:25.985849+00:00,S018,commissioning_unmounted,false,healthy,none,2000,healthy_horizontal_no_load_2000rpm,199303,1996,290,1062,1426,6,0,95554,9,0,76,0,2,,,,,,,,,,
2026-06-20T22:10:26.079998+00:00,S018,commissioning_unmounted,false,healthy,none,2000,healthy_horizontal_no_load_2000rpm,199403,1996,293,1061,1429,3,0,95634,9,0,77,0,2,,,,,,,,,,
2026-06-20T22:10:26.172858+00:00,S018,commissioning_unmounted,false,healthy,none,2000,healthy_horizontal_no_load_2000rpm,199503,1995,301,1057,1434,1,0,95713,9,0,78,0,3,,,,,,,,,,
2026-06-20T22:10:26.267976+00:00,S018,commissioning_unmounted,false,healthy,none,2000,healthy_horizontal_no_load_2000rpm,199603,1994,301,1059,1437,4,0,95793,9,0,78,0,2,,,,,,,,,,
2026-06-20T22:10:26.361206+00:00,S018,commissioning_unmounted,false,healthy,none,2000,healthy_horizontal_no_load_2000rpm,199703,1996,301,1057,1434,2,0,95873,9,0,78,0,2,,,,,,,,,,
2026-06-20T22:10:26.453166+00:00,S018,commissioning_unmounted,false,healthy,none,2000,healthy_horizontal_no_load_2000rpm,199803,1993,294,1066,1435,1,0,95953,9,0,78,1,2,,,,,,,,,,
2026-06-20T22:10:26.560667+00:00,S018,commissioning_unmounted,false,healthy,none,2000,healthy_horizontal_no_load_2000rpm,199903,1994,300,1059,1435,4,0,96033,9,0,77,0,2,,,,,,,,,,
2026-06-20T22:10:26.654561+00:00,S018,commissioning_unmounted,false,healthy,none,2000,healthy_horizontal_no_load_2000rpm,200003,1997,300,1056,1432,6,0,96112,9,0,77,0,2,,,,,,,,,,
2026-06-20T22:10:26.747492+00:00,S018,commissioning_unmounted,false,healthy,none,2000,healthy_horizontal_no_load_2000rpm,200103,1994,300,1059,1435,3,0,96192,9,0,78,0,2,,,,,,,,,,
2026-06-20T22:10:26.841084+00:00,S018,commissioning_unmounted,false,healthy,none,2000,healthy_horizontal_no_load_2000rpm,200203,1995,301,1057,1434,5,0,96272,9,0,77,0,2,,,,,,,,,,
2026-06-20T22:10:26.979000+00:00,S018,commissioning_unmounted,false,healthy,none,2000,healthy_horizontal_no_load_2000rpm,200303,1996,293,1067,1435,6,0,96352,9,0,78,1,2,,,,,,,,,,
2026-06-20T22:10:27.072969+00:00,S018,commissioning_unmounted,false,healthy,none,2000,healthy_horizontal_no_load_2000rpm,200403,1997,294,1066,1435,3,0,96432,9,0,76,0,1,,,,,,,,,,
2026-06-20T22:10:27.165499+00:00,S018,commissioning_unmounted,false,healthy,none,2000,healthy_horizontal_no_load_2000rpm,200503,1995,299,1059,1434,1,0,96511,9,0,76,0,2,,,,,,,,,,
2026-06-20T22:10:27.259750+00:00,S018,commissioning_unmounted,false,healthy,none,2000,healthy_horizontal_no_load_2000rpm,200603,1994,288,1067,1429,4,0,96591,9,0,76,0,2,,,,,,,,,,
2026-06-20T22:10:27.353305+00:00,S018,commissioning_unmounted,false,healthy,none,2000,healthy_horizontal_no_load_2000rpm,200703,1996,295,1065,1435,2,0,96671,9,0,76,0,1,,,,,,,,,,
2026-06-20T22:10:27.447407+00:00,S018,commissioning_unmounted,false,healthy,none,2000,healthy_horizontal_no_load_2000rpm,200803,1995,297,1059,1431,1,0,96751,9,0,77,0,3,,,,,,,,,,
2026-06-20T22:10:27.540154+00:00,S018,commissioning_unmounted,false,healthy,none,2000,healthy_horizontal_no_load_2000rpm,200903,1995,299,1059,1434,4,0,96831,9,0,77,0,2,,,,,,,,,,
2026-06-20T22:10:27.681173+00:00,S018,commissioning_unmounted,false,healthy,none,2000,healthy_horizontal_no_load_2000rpm,201003,1995,293,1067,1435,2,0,96911,9,0,77,0,2,,,,,,,,,,
2026-06-20T22:10:27.774731+00:00,S018,commissioning_unmounted,false,healthy,none,2000,healthy_horizontal_no_load_2000rpm,201103,1995,292,1061,1427,3,0,96990,9,0,76,0,1,,,,,,,,,,
2026-06-20T22:10:27.868868+00:00,S018,commissioning_unmounted,false,healthy,none,2000,healthy_horizontal_no_load_2000rpm,201203,1996,297,1059,1431,5,0,97070,9,0,77,0,1,,,,,,,,,,
2026-06-20T22:10:27.962677+00:00,S018,commissioning_unmounted,false,healthy,none,2000,healthy_horizontal_no_load_2000rpm,201303,1992,301,1059,1437,6,0,97150,9,0,78,0,2,,,,,,,,,,
2026-06-20T22:10:28.055498+00:00,S018,commissioning_unmounted,false,healthy,none,2000,healthy_horizontal_no_load_2000rpm,201403,1992,296,1059,1431,3,0,97230,9,0,77,0,2,,,,,,,,,,
2026-06-20T22:10:28.147701+00:00,S018,commissioning_unmounted,false,healthy,none,2000,healthy_horizontal_no_load_2000rpm,201503,1994,299,1064,1439,1,0,97309,9,0,77,0,2,,,,,,,,,,
2026-06-20T22:10:28.241700+00:00,S018,commissioning_unmounted,false,healthy,none,2000,healthy_horizontal_no_load_2000rpm,201603,1995,292,1062,1429,4,0,97389,9,0,76,0,1,,,,,,,,,,
2026-06-20T22:10:28.335289+00:00,S018,commissioning_unmounted,false,healthy,none,2000,healthy_horizontal_no_load_2000rpm,201703,1996,297,1059,1432,2,0,97469,9,0,78,0,2,,,,,,,,,,
2026-06-20T22:10:28.474544+00:00,S018,commissioning_unmounted,false,healthy,none,2000,healthy_horizontal_no_load_2000rpm,201803,1995,291,1062,1427,1,0,97549,9,0,76,0,1,,,,,,,,,,
2026-06-20T22:10:28.568480+00:00,S018,commissioning_unmounted,false,healthy,none,2000,healthy_horizontal_no_load_2000rpm,201903,1995,299,1059,1434,4,0,97629,9,0,78,0,3,,,,,,,,,,
2026-06-20T22:10:28.661476+00:00,S018,commissioning_unmounted,false,healthy,none,2000,healthy_horizontal_no_load_2000rpm,202003,1992,288,1064,1426,2,0,97709,9,0,76,0,2,,,,,,,,,,
2026-06-20T22:10:28.755113+00:00,S018,commissioning_unmounted,false,healthy,none,2000,healthy_horizontal_no_load_2000rpm,202103,1994,292,1067,1434,3,0,97788,9,0,77,1,2,,,,,,,,,,
2026-06-20T22:10:28.849181+00:00,S018,commissioning_unmounted,false,healthy,none,2000,healthy_horizontal_no_load_2000rpm,202203,1994,301,1059,1437,5,0,97868,9,0,78,0,3,,,,,,,,,,
2026-06-20T22:10:28.942636+00:00,S018,commissioning_unmounted,false,healthy,none,2000,healthy_horizontal_no_load_2000rpm,202303,1996,291,1069,1434,6,0,97948,9,0,76,0,0,,,,,,,,,,
2026-06-20T22:10:29.036989+00:00,S018,commissioning_unmounted,false,healthy,none,2000,healthy_horizontal_no_load_2000rpm,202403,1994,291,1064,1429,3,0,98028,9,0,76,0,2,,,,,,,,,,
2026-06-20T22:10:29.176136+00:00,S018,commissioning_unmounted,false,healthy,none,2000,healthy_horizontal_no_load_2000rpm,202503,1993,297,1064,1437,5,0,98108,9,0,78,0,2,,,,,,,,,,
2026-06-20T22:10:29.269227+00:00,S018,commissioning_unmounted,false,healthy,none,2000,healthy_horizontal_no_load_2000rpm,202604,1996,293,1064,1431,4,0,98187,9,0,77,0,2,,,,,,,,,,
2026-06-20T22:10:29.362765+00:00,S018,commissioning_unmounted,false,healthy,none,2000,healthy_horizontal_no_load_2000rpm,202704,1997,290,1062,1426,2,0,98267,9,0,76,0,2,,,,,,,,,,
2026-06-20T22:10:29.456325+00:00,S018,commissioning_unmounted,false,healthy,none,2000,healthy_horizontal_no_load_2000rpm,202804,1996,301,1056,1434,1,0,98347,9,0,79,0,2,,,,,,,,,,
2026-06-20T22:10:29.550127+00:00,S018,commissioning_unmounted,false,healthy,none,2000,healthy_horizontal_no_load_2000rpm,202904,1995,296,1062,1434,4,0,98427,9,0,78,1,2,,,,,,,,,,
2026-06-20T22:10:29.643599+00:00,S018,commissioning_unmounted,false,healthy,none,2000,healthy_horizontal_no_load_2000rpm,203004,1995,290,1062,1426,2,0,98507,9,0,76,0,2,,,,,,,,,,
2026-06-20T22:10:29.736584+00:00,S018,commissioning_unmounted,false,healthy,none,2000,healthy_horizontal_no_load_2000rpm,203104,1994,295,1064,1434,3,0,98586,9,0,77,0,2,,,,,,,,,,
2026-06-20T22:10:29.830400+00:00,S018,commissioning_unmounted,false,healthy,none,2000,healthy_horizontal_no_load_2000rpm,203204,1996,293,1062,1429,5,0,98666,9,0,76,0,1,,,,,,,,,,
2026-06-20T22:10:29.971547+00:00,S018,commissioning_unmounted,false,healthy,none,2000,healthy_horizontal_no_load_2000rpm,203304,1994,294,1066,1435,6,0,98746,9,0,78,0,2,,,,,,,,,,
2026-06-20T22:10:30.064966+00:00,S018,commissioning_unmounted,false,healthy,none,2000,healthy_horizontal_no_load_2000rpm,203404,1995,301,1057,1434,3,0,98826,9,0,78,1,2,,,,,,,,,,
2026-06-20T22:10:30.158431+00:00,S018,commissioning_unmounted,false,healthy,none,2000,healthy_horizontal_no_load_2000rpm,203504,1994,297,1064,1437,5,0,98906,9,0,78,0,1,,,,,,,,,,
2026-06-20T22:10:30.251730+00:00,S018,commissioning_unmounted,false,healthy,none,2000,healthy_horizontal_no_load_2000rpm,203604,1997,294,1064,1432,6,0,98986,9,0,76,0,1,,,,,,,,,,
2026-06-20T22:10:30.344161+00:00,S018,commissioning_unmounted,false,healthy,none,2000,healthy_horizontal_no_load_2000rpm,203704,1995,293,1067,1435,3,0,99066,9,0,78,0,2,,,,,,,,,,
2026-06-20T22:10:30.437790+00:00,S018,commissioning_unmounted,false,healthy,none,2000,healthy_horizontal_no_load_2000rpm,203804,1997,292,1065,1431,1,0,99145,9,0,78,0,2,,,,,,,,,,
2026-06-20T22:10:30.531980+00:00,S018,commissioning_unmounted,false,healthy,none,2000,healthy_horizontal_no_load_2000rpm,203904,1990,299,1061,1437,4,0,99225,9,0,78,1,2,,,,,,,,,,
2026-06-20T22:10:30.626322+00:00,S018,commissioning_unmounted,false,healthy,none,2000,healthy_horizontal_no_load_2000rpm,204004,2000,301,1056,1432,2,0,99305,9,0,77,0,2,,,,,,,,,,
2026-06-20T22:10:30.732862+00:00,S018,commissioning_unmounted,false,healthy,none,2000,healthy_horizontal_no_load_2000rpm,204104,1996,296,1064,1435,1,0,99385,9,0,78,0,2,,,,,,,,,,
2026-06-20T22:10:30.826026+00:00,S018,commissioning_unmounted,false,healthy,none,2000,healthy_horizontal_no_load_2000rpm,204204,1995,293,1067,1434,4,0,99465,9,0,77,0,1,,,,,,,,,,
2026-06-20T22:10:30.966450+00:00,S018,commissioning_unmounted,false,healthy,none,2000,healthy_horizontal_no_load_2000rpm,204304,1994,299,1059,1434,2,0,99545,9,0,77,0,2,,,,,,,,,,
2026-06-20T22:10:31.060313+00:00,S018,commissioning_unmounted,false,healthy,none,2000,healthy_horizontal_no_load_2000rpm,204404,1995,297,1062,1435,3,0,99624,9,0,77,0,1,,,,,,,,,,
2026-06-20T22:10:31.152752+00:00,S018,commissioning_unmounted,false,healthy,none,2000,healthy_horizontal_no_load_2000rpm,204504,1996,297,1059,1432,5,0,99704,9,0,77,0,2,,,,,,,,,,
2026-06-20T22:10:31.245809+00:00,S018,commissioning_unmounted,false,healthy,none,2000,healthy_horizontal_no_load_2000rpm,204604,1995,299,1059,1434,6,0,99784,9,0,77,0,2,,,,,,,,,,
2026-06-20T22:10:31.340780+00:00,S018,commissioning_unmounted,false,healthy,none,2000,healthy_horizontal_no_load_2000rpm,204704,1997,301,1057,1434,3,0,99864,9,0,77,0,1,,,,,,,,,,
2026-06-20T22:10:31.434102+00:00,S018,commissioning_unmounted,false,healthy,none,2000,healthy_horizontal_no_load_2000rpm,204804,1993,295,1067,1437,5,0,99944,9,0,77,0,2,,,,,,,,,,
2026-06-20T22:10:31.527415+00:00,S018,commissioning_unmounted,false,healthy,none,2000,healthy_horizontal_no_load_2000rpm,204904,1997,293,1064,1431,6,0,100024,9,0,76,1,1,,,,,,,,,,
2026-06-20T22:10:31.667000+00:00,S018,commissioning_unmounted,false,healthy,none,2000,healthy_horizontal_no_load_2000rpm,205004,1996,293,1067,1434,3,0,100104,9,0,78,0,3,,,,,,,,,,
2026-06-20T22:10:31.760217+00:00,S018,commissioning_unmounted,false,healthy,none,2000,healthy_horizontal_no_load_2000rpm,205104,1992,293,1067,1435,1,0,100183,9,0,78,0,2,,,,,,,,,,
2026-06-20T22:10:31.854112+00:00,S018,commissioning_unmounted,false,healthy,none,2000,healthy_horizontal_no_load_2000rpm,205204,1990,288,1072,1434,4,0,100263,9,0,76,1,2,,,,,,,,,,
2026-06-20T22:10:31.947674+00:00,S018,commissioning_unmounted,false,healthy,none,2000,healthy_horizontal_no_load_2000rpm,205304,2000,297,1059,1431,2,0,100343,9,0,77,0,2,,,,,,,,,,
2026-06-20T22:10:32.042696+00:00,S018,commissioning_unmounted,false,healthy,none,2000,healthy_horizontal_no_load_2000rpm,205404,1997,298,1059,1432,1,0,100423,9,0,77,0,1,,,,,,,,,,
2026-06-20T22:10:32.135092+00:00,S018,commissioning_unmounted,false,healthy,none,2000,healthy_horizontal_no_load_2000rpm,205504,1996,296,1064,1435,4,0,100503,9,0,77,0,1,,,,,,,,,,
2026-06-20T22:10:32.228319+00:00,S018,commissioning_unmounted,false,healthy,none,2000,healthy_horizontal_no_load_2000rpm,205604,1997,298,1059,1432,2,0,100583,9,0,78,1,2,,,,,,,,,,
2026-06-20T22:10:32.321617+00:00,S018,commissioning_unmounted,false,healthy,none,2000,healthy_horizontal_no_load_2000rpm,205704,1997,300,1056,1432,1,0,100663,9,0,78,0,2,,,,,,,,,,
2026-06-20T22:10:32.463385+00:00,S018,commissioning_unmounted,false,healthy,none,2000,healthy_horizontal_no_load_2000rpm,205804,1994,296,1059,1431,5,0,100742,9,0,77,0,2,,,,,,,,,,
2026-06-20T22:10:32.556750+00:00,S018,commissioning_unmounted,false,healthy,none,2000,healthy_horizontal_no_load_2000rpm,205904,1995,297,1059,1431,6,0,100822,9,0,76,0,1,,,,,,,,,,
2026-06-20T22:10:32.649950+00:00,S018,commissioning_unmounted,false,healthy,none,2000,healthy_horizontal_no_load_2000rpm,206004,1993,293,1069,1437,3,0,100902,9,0,78,0,3,,,,,,,,,,
2026-06-20T22:10:32.743861+00:00,S018,commissioning_unmounted,false,healthy,none,2000,healthy_horizontal_no_load_2000rpm,206104,1996,295,1064,1434,5,0,100982,9,0,78,0,2,,,,,,,,,,
2026-06-20T22:10:32.836660+00:00,S018,commissioning_unmounted,false,healthy,none,2000,healthy_horizontal_no_load_2000rpm,206204,1993,301,1059,1437,6,0,101062,9,0,78,0,2,,,,,,,,,,
