unix_time,cmd_rpm,measured_rpm,i_dc_mv
1785368424.007,0,0,1765
1785368424.008,0,0,1765
1785368424.209,0,0,1765
1785368424.209,0,0,1765
1785368424.413,0,0,1765
1785368424.413,0,0,1765
1785368424.629,0,0,1765
1785368424.629,0,0,1765
1785368424.833,0,0,1765
1785368424.833,0,0,1765
1785368425.036,0,0,1765
1785368425.036,0,0,1765
1785368425.239,0,0,1765
1785368425.239,0,0,1765
1785368425.442,0,0,1765
1785368425.442,0,0,1765
1785368425.644,0,0,1765
1785368425.644,0,0,1765
1785368425.848,0,0,1765
1785368425.848,0,0,1765
1785368426.050,0,0,1765
1785368426.050,0,0,1765
1785368426.254,0,0,1765
1785368426.254,0,0,1765
1785368426.455,0,0,1765
1785368426.455,0,0,1765
1785368426.658,0,0,1765
1785368426.658,0,0,1765
1785368426.861,0,0,1765
1785368426.861,0,0,1765
1785368427.064,0,0,1765
1785368427.064,0,0,1765
1785368427.266,0,0,1765
1785368427.266,0,0,1765
1785368427.468,0,0,1765
1785368427.468,0,0,1765
1785368427.673,0,0,1765
1785368427.673,0,0,1765
1785368427.876,0,0,1765
1785368427.876,0,0,1765
1785368427.876,0,0,1765
1785368428.079,0,0,1765
1785368428.079,0,0,1765
1785368428.281,0,0,1765
1785368428.281,0,0,1765
1785368428.483,0,0,1765
1785368428.483,0,0,1765
1785368428.685,0,0,1765
1785368428.685,0,0,1765
1785368428.889,0,0,1765
1785368428.889,0,0,1765
1785368429.092,0,0,1765
1785368429.092,0,0,1765
1785368429.295,0,0,1765
1785368429.295,0,0,1765
1785368429.496,0,0,1765
1785368429.496,0,0,1765
1785368429.698,0,0,1765
1785368429.698,0,0,1765
1785368429.903,0,0,1765
1785368429.903,0,0,1765
1785368430.107,0,0,1765
1785368430.107,0,0,1765
1785368430.311,0,0,1765
1785368430.311,0,0,1765
1785368430.515,0,0,1765
1785368430.515,0,0,1765
1785368430.719,0,0,1765
1785368430.719,0,0,1765
1785368430.921,0,0,1765
1785368430.921,0,0,1765
1785368431.122,0,0,1765
1785368431.123,0,0,1765
1785368431.323,0,0,1765
1785368431.323,0,0,1765
1785368431.528,0,0,1765
1785368431.528,0,0,1765
1785368431.729,0,0,1765
1785368431.729,0,0,1765
1785368431.933,0,0,1765
1785368431.933,0,0,1765
1785368432.135,0,0,1765
1785368432.135,0,0,1765
1785368432.338,0,0,1765
1785368432.338,0,0,1765
1785368432.542,0,0,1765
1785368432.542,0,0,1765
1785368432.745,0,0,1765
1785368432.745,0,0,1765
1785368432.947,0,0,1765
1785368432.947,0,0,1765
1785368433.149,0,0,1765
1785368433.149,0,0,1765
1785368433.352,0,0,1765
1785368433.352,0,0,1765
1785368433.554,0,0,1765
1785368433.554,0,0,1765
1785368433.758,0,0,1765
1785368433.758,0,0,1765
1785368433.960,0,0,1765
1785368433.960,0,0,1765
1785368434.164,0,0,1765
1785368434.164,0,0,1765
1785368434.368,0,0,1765
1785368434.368,0,0,1765
1785368434.571,0,0,1765
1785368434.571,0,0,1765
1785368434.772,0,0,1765
1785368434.772,0,0,1765
1785368434.977,0,0,1765
1785368434.977,0,0,1765
1785368435.181,0,0,1765
1785368435.181,0,0,1765
1785368435.385,0,0,1765
1785368435.385,0,0,1765
1785368435.589,0,0,1765
1785368435.589,0,0,1765
1785368435.792,0,0,1765
1785368435.792,0,0,1765
1785368435.993,0,0,1765
1785368435.993,0,0,1765
1785368436.195,0,0,1765
1785368436.195,0,0,1765
1785368436.400,0,0,1765
1785368436.400,0,0,1765
1785368436.602,0,0,1765
1785368436.602,0,0,1765
1785368436.804,0,0,1765
1785368436.804,0,0,1765
1785368437.009,0,0,1765
1785368437.009,0,0,1765
1785368437.009,0,0,1765
1785368437.210,0,0,1765
1785368437.210,0,0,1765
1785368437.413,0,0,1765
1785368437.413,0,0,1765
1785368437.618,0,0,1765
1785368437.618,0,0,1765
1785368437.820,0,0,1765
1785368437.820,0,0,1765
1785368438.022,0,0,1765
1785368438.022,0,0,1765
1785368438.224,0,0,1765
1785368438.224,0,0,1765
1785368438.428,0,0,1765
1785368438.428,0,0,1765
1785368438.631,0,0,1765
1785368438.631,0,0,1765
1785368438.836,0,0,1765
1785368438.836,0,0,1765
1785368439.041,0,0,1765
1785368439.041,0,0,1765
1785368439.245,0,0,1765
1785368439.245,0,0,1765
1785368439.448,0,0,1765
1785368439.448,0,0,1765
1785368439.651,0,0,1765
1785368439.651,0,0,1765
1785368439.854,0,0,1765
1785368439.855,0,0,1765
1785368440.057,0,0,1765
1785368440.057,0,0,1765
1785368440.261,0,0,1765
1785368440.261,0,0,1765
1785368440.465,0,0,1765
1785368440.465,0,0,1765
1785368440.668,0,0,1765
1785368440.668,0,0,1765
1785368440.869,0,0,1765
1785368440.869,0,0,1765
1785368441.071,0,0,1765
1785368441.071,0,0,1765
1785368441.275,0,0,1765
1785368441.275,0,0,1765
1785368441.477,0,0,1765
1785368441.477,0,0,1765
1785368441.680,0,0,1765
1785368441.680,0,0,1765
1785368441.883,0,0,1765
1785368441.883,0,0,1765
1785368442.086,0,0,1765
1785368442.086,0,0,1765
1785368442.289,0,0,1765
1785368442.289,0,0,1765
1785368442.492,0,0,1765
1785368442.492,0,0,1765
1785368442.696,0,0,1765
1785368442.696,0,0,1765
1785368442.897,0,0,1765
1785368442.897,0,0,1765
1785368443.101,0,0,1765
1785368443.101,0,0,1765
1785368443.301,0,0,1765
1785368443.301,0,0,1765
1785368443.503,0,0,1765
1785368443.503,0,0,1765
1785368443.705,0,0,1765
1785368443.705,0,0,1765
1785368443.908,0,0,1765
1785368443.908,0,0,1765
1785368444.110,0,0,1765
1785368444.110,0,0,1765
1785368444.312,0,0,1765
1785368444.312,0,0,1765
1785368444.517,0,0,1765
1785368444.517,0,0,1765
1785368444.718,0,0,1765
1785368444.718,0,0,1765
1785368444.920,0,0,1765
1785368444.920,0,0,1765
1785368445.123,0,0,1765
1785368445.123,0,0,1765
1785368445.327,0,0,1765
1785368445.327,0,0,1765
1785368445.533,0,0,1765
1785368445.533,0,0,1765
1785368445.533,0,0,1765
1785368445.737,0,0,1765
1785368445.737,0,0,1765
1785368445.942,0,0,1765
1785368445.942,0,0,1765
1785368446.145,0,0,1765
1785368446.145,0,0,1765
1785368446.350,0,0,1765
1785368446.350,0,0,1765
1785368446.553,0,0,1765
1785368446.553,0,0,1765
1785368446.755,0,0,1765
1785368446.755,0,0,1765
1785368446.956,0,0,1765
1785368446.957,0,0,1765
1785368447.157,0,0,1765
1785368447.157,0,0,1765
1785368447.360,0,0,1765
1785368447.360,0,0,1765
1785368447.565,0,0,1765
1785368447.565,0,0,1765
1785368447.769,0,0,1765
1785368447.769,0,0,1765
1785368447.973,0,0,1765
1785368447.973,0,0,1765
1785368448.175,0,0,1765
1785368448.175,0,0,1765
1785368448.380,0,0,1765
1785368448.380,0,0,1765
1785368448.582,0,0,1765
1785368448.582,0,0,1765
1785368448.785,0,0,1765
1785368448.785,0,0,1765
1785368448.987,0,0,1765
1785368448.987,0,0,1765
1785368449.201,800,0,1765
1785368449.201,800,0,1765
1785368449.401,800,0,1765
1785368449.401,800,0,1781
1785368449.603,800,707,1789
1785368449.603,800,708,1796
1785368449.807,800,820,1800
1785368449.807,800,830,1803
1785368450.009,800,812,1804
1785368450.009,800,775,1805
1785368450.216,800,778,1806
1785368450.216,800,815,1807
1785368450.417,800,817,1808
1785368450.417,800,803,1807
1785368450.619,800,789,1808
1785368450.619,800,789,1807
1785368450.823,800,828,1808
1785368450.823,800,829,1808
1785368451.026,800,831,1808
1785368451.026,800,816,1808
1785368451.228,800,817,1808
1785368451.228,800,839,1809
1785368451.432,800,843,1809
1785368451.432,800,844,1809
1785368451.636,800,831,1809
1785368451.636,800,832,1809
1785368451.838,800,824,1809
1785368451.838,800,817,1809
1785368452.040,800,818,1809
1785368452.041,800,804,1808
1785368452.245,800,803,1808
1785368452.245,800,804,1809
1785368452.447,800,833,1808
1785368452.447,800,831,1809
1785368452.651,800,829,1808
1785368452.651,800,803,1808
1785368452.651,800,805,1808
1785368452.855,800,805,1808
1785368452.855,800,818,1808
1785368453.058,800,817,1808
1785368453.058,800,818,1809
1785368453.259,800,818,1808
1785368453.259,800,818,1808
1785368453.460,800,817,1808
1785368453.460,800,817,1808
1785368453.664,800,808,1808
1785368453.664,800,805,1808
1785368453.865,800,805,1808
1785368453.866,800,805,1808
1785368454.068,800,804,1808
1785368454.068,800,814,1808
1785368454.271,800,816,1808
1785368454.271,800,817,1808
1785368454.471,800,791,1808
1785368454.471,800,791,1808
1785368454.676,800,818,1808
1785368454.676,800,831,1809
1785368454.881,800,829,1809
1785368454.881,800,782,1808
1785368455.083,800,777,1808
1785368455.083,800,804,1808
1785368455.287,800,819,1808
1785368455.287,800,819,1808
1785368455.489,800,807,1808
1785368455.489,800,805,1808
1785368455.692,800,804,1808
1785368455.692,800,804,1808
1785368455.893,800,803,1808
1785368455.894,800,805,1808
1785368456.098,800,805,1808
1785368456.098,800,805,1808
1785368456.302,800,806,1808
1785368456.302,800,803,1808
1785368456.503,800,804,1809
1785368456.503,800,829,1809
1785368456.705,800,830,1809
1785368456.705,800,819,1808
1785368456.907,800,787,1808
1785368456.908,800,792,1808
1785368457.112,800,815,1808
1785368457.112,800,818,1808
1785368457.314,800,811,1808
1785368457.314,800,788,1807
1785368457.520,800,790,1808
1785368457.520,800,814,1808
1785368457.722,800,819,1808
1785368457.722,800,825,1809
1785368457.925,800,860,1809
1785368457.925,800,857,1810
1785368458.127,800,850,1809
1785368458.128,800,844,1809
1785368458.330,800,846,1809
1785368458.330,800,808,1808
1785368458.532,800,805,1808
1785368458.532,800,794,1808
1785368458.735,800,776,1807
1785368458.735,800,777,1807
1785368458.938,800,828,1808
1785368458.938,800,829,1808
1785368459.140,800,831,1808
1785368459.140,800,788,1807
1785368459.342,800,790,1807
1785368459.342,800,790,1808
1785368459.545,800,818,1808
1785368459.545,800,817,1808
1785368459.748,800,803,1808
1785368459.748,800,803,1807
1785368459.952,800,804,1808
1785368459.952,800,790,1807
1785368460.154,800,791,1807
1785368460.154,800,809,1808
1785368460.355,800,830,1808
1785368460.355,800,829,1808
1785368460.559,800,820,1808
1785368460.559,800,818,1808
1785368460.762,800,819,1808
1785368460.762,800,818,1808
1785368460.963,800,818,1808
1785368460.963,800,807,1808
1785368461.166,800,804,1808
1785368461.166,800,802,1808
1785368461.370,800,791,1808
1785368461.370,800,790,1808
1785368461.573,800,811,1808
1785368461.573,800,818,1808
1785368461.573,800,816,1808
1785368461.775,800,790,1807
1785368461.775,800,791,1808
1785368461.978,800,790,1808
1785368461.978,800,791,1807
1785368462.183,800,792,1808
1785368462.183,800,833,1808
1785368462.386,800,832,1808
1785368462.386,800,832,1808
1785368462.590,800,832,1808
1785368462.590,800,831,1808
1785368462.793,800,830,1808
1785368462.793,800,804,1808
1785368462.994,800,803,1808
1785368462.995,800,812,1808
1785368463.196,800,819,1808
1785368463.196,800,818,1808
1785368463.398,800,831,1808
1785368463.398,800,831,1808
1785368463.603,800,818,1808
1785368463.603,800,777,1808
1785368463.806,800,778,1808
1785368463.806,800,802,1808
1785368464.008,800,804,1808
1785368464.008,800,804,1808
1785368464.209,800,806,1808
1785368464.209,800,804,1808
1785368464.411,800,779,1807
1785368464.411,800,777,1807
1785368464.615,800,804,1808
1785368464.615,800,817,1808
1785368464.819,800,819,1808
1785368464.819,800,793,1808
1785368465.021,800,790,1808
1785368465.022,800,789,1808
1785368465.223,800,845,1808
1785368465.223,800,846,1809
1785368465.425,800,845,1809
1785368465.425,800,804,1808
1785368465.628,800,804,1808
1785368465.628,800,832,1808
1785368465.831,800,831,1808
1785368465.831,800,831,1808
1785368466.034,800,818,1808
1785368466.034,800,817,1808
1785368466.235,800,818,1808
1785368466.235,800,818,1808
1785368466.436,800,818,1808
1785368466.436,800,769,1807
1785368466.640,800,748,1807
1785368466.640,800,763,1807
1785368466.843,800,821,1808
1785368466.843,800,818,1808
1785368467.045,800,839,1808
1785368467.045,800,843,1809
1785368467.248,800,843,1808
1785368467.248,800,817,1808
1785368467.452,800,818,1808
1785368467.452,800,810,1808
1785368467.656,800,803,1808
1785368467.656,800,804,1808
1785368467.861,800,817,1808
1785368467.861,800,818,1808
1785368468.063,800,836,1809
1785368468.063,800,858,1809
1785368468.267,800,857,1809
1785368468.267,800,816,1809
1785368468.471,800,803,1808
1785368468.471,800,806,1808
1785368468.676,800,819,1808
1785368468.676,800,818,1808
1785368468.877,800,838,1808
1785368468.877,800,844,1809
1785368469.081,800,843,1809
1785368469.081,800,794,1808
1785368469.285,800,792,1807
1785368469.285,800,812,1808
1785368469.486,800,832,1808
1785368469.486,800,831,1808
1785368469.689,800,842,1808
1785368469.689,800,842,1809
1785368469.893,800,836,1808
1785368469.893,800,772,1808
1785368470.095,800,776,1808
1785368470.095,800,777,1808
1785368470.095,800,816,1808
1785368470.296,800,818,1808
1785368470.296,800,803,1808
1785368470.500,800,804,1808
1785368470.500,800,804,1808
1785368470.703,800,805,1808
1785368470.703,800,804,1808
1785368470.904,800,808,1808
1785368470.905,800,829,1808
1785368471.109,800,830,1808
1785368471.109,800,822,1808
1785368471.311,800,818,1808
1785368471.311,800,816,1808
1785368471.513,800,779,1808
1785368471.513,800,777,1807
1785368471.717,800,823,1808
1785368471.717,800,845,1809
1785368471.920,800,845,1808
1785368471.920,800,795,1808
1785368472.123,800,790,1808
1785368472.123,800,820,1809
1785368472.326,800,845,1809
1785368472.326,800,843,1809
1785368472.528,800,809,1808
1785368472.528,800,805,1808
1785368472.730,800,808,1808
1785368472.730,800,819,1808
1785368472.933,800,817,1809
1785368472.933,800,807,1808
1785368473.134,800,803,1809
1785368473.134,800,808,1809
1785368473.336,800,832,1809
1785368473.336,800,831,1808
1785368473.538,800,798,1808
1785368473.538,800,789,1808
1785368473.739,800,789,1808
1785368473.739,800,819,1808
1785368473.943,800,818,1808
1785368473.943,800,819,1808
1785368474.145,800,777,1808
1785368474.145,800,777,1807
1785368474.350,1600,785,1808
1785368474.350,1600,819,1808
1785368474.553,1600,818,1812
1785368474.553,1600,1520,1821
1785368474.756,1600,1498,1823
1785368474.756,1600,1519,1826
1785368474.957,1600,1600,1829
1785368474.957,1600,1655,1831
1785368475.159,1600,1654,1833
1785368475.159,1600,1630,1833
1785368475.362,1600,1627,1833
1785368475.362,1600,1644,1834
1785368475.567,1600,1658,1835
1785368475.567,1600,1626,1834
1785368475.770,1600,1580,1833
1785368475.770,1600,1556,1832
1785368475.974,1600,1583,1833
1785368475.974,1600,1625,1834
1785368476.177,1600,1634,1834
1785368476.177,1600,1612,1834
1785368476.380,1600,1608,1833
1785368476.380,1600,1604,1833
1785368476.582,1600,1604,1833
1785368476.582,1600,1603,1833
1785368476.785,1600,1602,1833
1785368476.785,1600,1603,1833
1785368476.990,1600,1604,1833
1785368476.990,1600,1604,1833
1785368477.192,1600,1604,1833
1785368477.192,1600,1604,1833
1785368477.394,1600,1604,1833
1785368477.394,1600,1604,1833
1785368477.595,1600,1603,1833
1785368477.595,1600,1603,1833
1785368477.797,1600,1604,1833
1785368477.797,1600,1603,1833
1785368478.000,1600,1603,1833
1785368478.000,1600,1616,1833
1785368478.202,1600,1620,1833
1785368478.202,1600,1619,1834
1785368478.406,1600,1611,1833
1785368478.406,1600,1605,1833
1785368478.608,1600,1609,1833
1785368478.608,1600,1620,1834
1785368478.812,1600,1621,1833
1785368478.812,1600,1621,1834
1785368479.014,1600,1622,1833
1785368479.015,1600,1617,1833
1785368479.216,1600,1609,1833
1785368479.216,1600,1603,1833
1785368479.420,1600,1603,1833
1785368479.420,1600,1604,1833
1785368479.624,1600,1602,1833
1785368479.625,1600,1605,1833
1785368479.625,1600,1603,1833
1785368479.825,1600,1605,1833
1785368479.825,1600,1604,1833
1785368480.027,1600,1603,1833
1785368480.027,1600,1614,1833
1785368480.229,1600,1622,1833
1785368480.229,1600,1622,1833
1785368480.433,1600,1622,1833
1785368480.433,1600,1622,1833
1785368480.636,1600,1616,1833
1785368480.636,1600,1608,1833
1785368480.840,1600,1605,1833
1785368480.840,1600,1603,1833
1785368481.041,1600,1603,1833
1785368481.041,1600,1602,1833
1785368481.244,1600,1604,1833
1785368481.244,1600,1603,1833
1785368481.448,1600,1623,1833
1785368481.448,1600,1636,1834
1785368481.648,1600,1628,1834
1785368481.648,1600,1603,1833
1785368481.851,1600,1591,1833
1785368481.851,1600,1596,1833
1785368482.055,1600,1599,1833
1785368482.055,1600,1604,1833
1785368482.260,1600,1604,1832
1785368482.260,1600,1603,1833
1785368482.475,1600,1609,1833
1785368482.475,1600,1618,1833
1785368482.678,1600,1622,1833
1785368482.678,1600,1625,1833
1785368482.880,1600,1623,1833
1785368482.880,1600,1619,1833
1785368483.084,1600,1610,1833
1785368483.084,1600,1605,1833
1785368483.286,1600,1623,1833
1785368483.286,1600,1635,1833
1785368483.489,1600,1639,1834
1785368483.489,1600,1618,1833
1785368483.692,1600,1609,1833
1785368483.692,1600,1605,1833
1785368483.894,1600,1605,1833
1785368483.894,1600,1604,1833
1785368484.094,1600,1603,1833
1785368484.094,1600,1605,1833
1785368484.297,1600,1605,1832
1785368484.298,1600,1603,1832
1785368484.502,1600,1604,1833
1785368484.502,1600,1606,1833
1785368484.707,1600,1602,1832
1785368484.707,1600,1604,1832
1785368484.911,1600,1606,1833
1785368484.911,1600,1602,1832
1785368485.113,1600,1604,1833
1785368485.114,1600,1604,1833
1785368485.317,1600,1604,1832
1785368485.317,1600,1602,1833
1785368485.522,1600,1605,1833
1785368485.522,1600,1603,1833
1785368485.726,1600,1605,1832
1785368485.726,1600,1604,1833
1785368485.929,1600,1603,1832
1785368485.929,1600,1605,1833
1785368486.134,1600,1602,1832
1785368486.134,1600,1593,1832
1785368486.337,1600,1585,1832
1785368486.337,1600,1590,1832
1785368486.552,1600,1598,1833
1785368486.552,1600,1601,1832
1785368486.552,1600,1614,1833
1785368486.753,1600,1618,1833
1785368486.753,1600,1620,1833
1785368486.956,1600,1607,1833
1785368486.956,1600,1604,1833
1785368487.159,1600,1603,1833
1785368487.159,1600,1602,1833
1785368487.362,1600,1602,1832
1785368487.362,1600,1595,1832
1785368487.566,1600,1586,1832
1785368487.566,1600,1586,1832
1785368487.767,1600,1584,1832
1785368487.767,1600,1584,1832
1785368487.971,1600,1587,1832
1785368487.971,1600,1585,1832
1785368488.174,1600,1588,1832
1785368488.174,1600,1597,1832
1785368488.376,1600,1603,1832
1785368488.376,1600,1590,1832
1785368488.580,1600,1574,1832
1785368488.580,1600,1569,1832
1785368488.781,1600,1600,1832
1785368488.781,1600,1615,1833
1785368488.984,1600,1627,1833
1785368488.985,1600,1651,1834
1785368489.187,1600,1658,1834
1785368489.187,1600,1640,1833
1785368489.392,1600,1613,1833
1785368489.392,1600,1605,1833
1785368489.596,1600,1603,1832
1785368489.596,1600,1604,1832
1785368489.801,1600,1603,1832
1785368489.801,1600,1604,1832
1785368490.005,1600,1604,1832
1785368490.005,1600,1624,1833
1785368490.207,1600,1635,1833
1785368490.207,1600,1637,1833
1785368490.410,1600,1615,1832
1785368490.410,1600,1606,1832
1785368490.610,1600,1603,1832
1785368490.610,1600,1603,1832
1785368490.815,1600,1602,1832
1785368490.815,1600,1606,1832
1785368491.020,1600,1605,1832
1785368491.020,1600,1605,1832
1785368491.222,1600,1604,1832
1785368491.222,1600,1603,1833
1785368491.425,1600,1604,1832
1785368491.425,1600,1605,1832
1785368491.628,1600,1604,1832
1785368491.628,1600,1603,1833
1785368491.832,1600,1605,1832
1785368491.832,1600,1603,1832
1785368492.033,1600,1604,1833
1785368492.033,1600,1606,1833
1785368492.238,1600,1626,1833
1785368492.238,1600,1638,1833
1785368492.439,1600,1642,1833
1785368492.439,1600,1641,1834
1785368492.642,1600,1642,1833
1785368492.643,1600,1634,1833
1785368492.846,1600,1626,1833
1785368492.846,1600,1623,1833
1785368493.048,1600,1598,1832
1785368493.048,1600,1588,1832
1785368493.250,1600,1592,1832
1785368493.250,1600,1603,1832
1785368493.453,1600,1605,1832
1785368493.453,1600,1622,1832
1785368493.657,1600,1638,1833
1785368493.657,1600,1639,1833
1785368493.858,1600,1631,1833
1785368493.858,1600,1626,1833
1785368494.074,1600,1614,1833
1785368494.074,1600,1606,1832
1785368494.277,1600,1608,1833
1785368494.277,1600,1641,1833
1785368494.277,1600,1659,1833
1785368494.480,1600,1655,1833
1785368494.480,1600,1646,1833
1785368494.684,1600,1644,1833
1785368494.684,1600,1633,1833
1785368494.887,1600,1628,1833
1785368494.887,1600,1624,1832
1785368495.090,1600,1623,1833
1785368495.090,1600,1623,1832
1785368495.291,1600,1617,1832
1785368495.291,1600,1606,1832
1785368495.496,1600,1609,1832
1785368495.496,1600,1614,1832
1785368495.698,1600,1622,1832
1785368495.698,1600,1616,1832
1785368495.900,1600,1608,1832
1785368495.900,1600,1606,1832
1785368496.102,1600,1625,1832
1785368496.102,1600,1637,1832
1785368496.306,1600,1640,1832
1785368496.306,1600,1629,1832
1785368496.509,1600,1622,1832
1785368496.509,1600,1620,1832
1785368496.711,1600,1608,1832
1785368496.711,1600,1606,1831
1785368496.915,1600,1604,1831
1785368496.915,1600,1603,1831
1785368497.120,1600,1614,1832
1785368497.120,1600,1633,1832
1785368497.322,1600,1638,1832
1785368497.322,1600,1651,1833
1785368497.524,1600,1659,1833
1785368497.524,1600,1654,1833
1785368497.727,1600,1636,1833
1785368497.727,1600,1624,1832
1785368497.942,1600,1616,1832
1785368497.942,1600,1606,1832
1785368498.146,1600,1605,1832
1785368498.146,1600,1603,1832
1785368498.349,1600,1603,1831
1785368498.349,1600,1606,1832
1785368498.553,1600,1618,1832
1785368498.553,1600,1620,1832
1785368498.757,1600,1622,1832
1785368498.757,1600,1623,1832
1785368498.960,1600,1618,1832
1785368498.960,1600,1609,1832
1785368499.162,1600,1606,1832
1785368499.162,1600,1624,1832
1785368499.384,2400,1646,1833
1785368499.384,2400,1659,1833
1785368499.599,2400,1671,1833
1785368499.599,2400,1678,1834
1785368499.599,2400,1812,1838
1785368499.802,2400,2042,1844
1785368499.802,2400,2194,1848
1785368500.004,2400,2253,1851
1785368500.004,2400,2286,1852
1785368500.206,2400,2299,1853
1785368500.206,2400,2309,1854
1785368500.410,2400,2308,1854
1785368500.410,2400,2306,1855
1785368500.614,2400,2307,1855
1785368500.614,2400,2308,1855
1785368500.816,2400,2308,1855
1785368500.816,2400,2306,1855
1785368501.020,2400,2310,1855
1785368501.021,2400,2312,1855
1785368501.223,2400,2307,1855
1785368501.223,2400,2308,1855
1785368501.428,2400,2312,1856
1785368501.428,2400,2310,1856
1785368501.631,2400,2310,1856
1785368501.631,2400,2307,1855
1785368501.834,2400,2310,1855
1785368501.834,2400,2309,1855
1785368502.036,2400,2311,1855
1785368502.036,2400,2310,1855
1785368502.238,2400,2307,1855
1785368502.238,2400,2308,1856
1785368502.442,2400,2311,1855
1785368502.442,2400,2308,1855
1785368502.646,2400,2309,1855
1785368502.646,2400,2310,1855
1785368502.850,2400,2311,1855
1785368502.850,2400,2308,1855
1785368503.055,2400,2309,1855
1785368503.055,2400,2312,1855
1785368503.256,2400,2309,1855
1785368503.256,2400,2308,1855
1785368503.458,2400,2311,1856
1785368503.458,2400,2310,1856
1785368503.662,2400,2311,1855
1785368503.662,2400,2309,1855
1785368503.867,2400,2311,1855
1785368503.867,2400,2309,1855
1785368504.071,2400,2306,1855
1785368504.071,2400,2307,1855
1785368504.273,2400,2309,1854
1785368504.273,2400,2310,1854
1785368504.477,2400,2311,1854
1785368504.477,2400,2309,1854
1785368504.679,2400,2308,1854
1785368504.679,2400,2307,1854
1785368504.882,2400,2310,1854
1785368504.882,2400,2310,1854
1785368505.085,2400,2311,1854
1785368505.085,2400,2310,1854
1785368505.286,2400,2310,1854
1785368505.286,2400,2307,1854
1785368505.490,2400,2307,1855
1785368505.490,2400,2309,1855
1785368505.693,2400,2311,1854
1785368505.693,2400,2312,1854
1785368505.896,2400,2307,1854
1785368505.896,2400,2311,1855
1785368506.098,2400,2309,1855
1785368506.098,2400,2309,1855
1785368506.303,2400,2310,1855
1785368506.303,2400,2308,1855
1785368506.503,2400,2309,1855
1785368506.503,2400,2307,1855
1785368506.705,2400,2300,1855
1785368506.705,2400,2289,1856
1785368506.909,2400,2297,1857
1785368506.909,2400,2302,1858
1785368507.110,2400,2304,1859
1785368507.110,2400,2310,1859
1785368507.314,2400,2308,1859
1785368507.314,2400,2307,1860
1785368507.517,2400,2310,1860
1785368507.517,2400,2317,1860
1785368507.719,2400,2319,1859
1785368507.719,2400,2317,1858
1785368507.922,2400,2307,1857
1785368507.922,2400,2302,1858
1785368507.922,2400,2303,1858
1785368508.125,2400,2310,1859
1785368508.125,2400,2312,1859
1785368508.329,2400,2310,1858
1785368508.329,2400,2313,1858
1785368508.531,2400,2307,1858
1785368508.531,2400,2307,1859
1785368508.732,2400,2308,1859
1785368508.732,2400,2310,1859
1785368508.934,2400,2310,1859
1785368508.934,2400,2308,1860
1785368509.136,2400,2307,1860
1785368509.136,2400,2310,1860
1785368509.339,2400,2316,1860
1785368509.339,2400,2313,1859
1785368509.543,2400,2313,1859
1785368509.543,2400,2306,1858
1785368509.745,2400,2306,1858
1785368509.745,2400,2310,1858
1785368509.948,2400,2307,1859
1785368509.948,2400,2312,1859
1785368510.153,2400,2306,1859
1785368510.153,2400,2308,1859
1785368510.356,2400,2311,1859
1785368510.356,2400,2310,1859
1785368510.558,2400,2309,1860
1785368510.558,2400,2307,1859
1785368510.760,2400,2310,1859
1785368510.760,2400,2309,1859
1785368510.961,2400,2311,1859
1785368510.961,2400,2309,1859
1785368511.164,2400,2311,1859
1785368511.164,2400,2313,1859
1785368511.365,2400,2311,1859
1785368511.365,2400,2309,1859
1785368511.568,2400,2310,1859
1785368511.568,2400,2312,1859
1785368511.770,2400,2306,1860
1785368511.770,2400,2314,1860
1785368511.974,2400,2304,1860
1785368511.974,2400,2310,1860
1785368512.178,2400,2309,1860
1785368512.178,2400,2311,1860
1785368512.382,2400,2312,1860
1785368512.382,2400,2312,1860
1785368512.586,2400,2304,1860
1785368512.586,2400,2307,1860
1785368512.790,2400,2309,1860
1785368512.790,2400,2310,1860
1785368512.993,2400,2310,1860
1785368512.993,2400,2309,1860
1785368513.195,2400,2311,1860
1785368513.195,2400,2307,1860
1785368513.399,2400,2310,1860
1785368513.399,2400,2309,1860
1785368513.601,2400,2309,1859
1785368513.601,2400,2305,1859
1785368513.802,2400,2308,1859
1785368513.802,2400,2308,1859
1785368514.005,2400,2306,1859
1785368514.005,2400,2312,1859
1785368514.208,2400,2308,1859
1785368514.208,2400,2308,1859
1785368514.411,2400,2308,1859
1785368514.411,2400,2308,1859
1785368514.615,2400,2310,1859
1785368514.615,2400,2308,1859
1785368514.817,2400,2308,1859
1785368514.817,2400,2310,1859
1785368515.019,2400,2311,1859
1785368515.019,2400,2311,1859
1785368515.222,2400,2309,1859
1785368515.222,2400,2307,1859
1785368515.425,2400,2306,1859
1785368515.425,2400,2311,1859
1785368515.628,2400,2310,1859
1785368515.628,2400,2310,1858
1785368515.830,2400,2310,1858
1785368515.830,2400,2309,1858
1785368516.030,2400,2309,1858
1785368516.030,2400,2310,1858
1785368516.232,2400,2311,1858
1785368516.232,2400,2310,1858
1785368516.434,2400,2309,1859
1785368516.434,2400,2311,1858
1785368516.637,2400,2309,1858
1785368516.637,2400,2307,1858
1785368516.841,2400,2309,1858
1785368516.841,2400,2311,1859
1785368517.043,2400,2309,1859
1785368517.043,2400,2306,1859
1785368517.244,2400,2310,1859
1785368517.244,2400,2311,1859
1785368517.447,2400,2309,1859
1785368517.447,2400,2311,1860
1785368517.649,2400,2310,1860
1785368517.649,2400,2308,1860
1785368517.851,2400,2309,1859
1785368517.851,2400,2310,1859
1785368518.054,2400,2310,1859
1785368518.054,2400,2311,1859
1785368518.054,2400,2308,1859
1785368518.257,2400,2308,1859
1785368518.257,2400,2311,1859
1785368518.460,2400,2311,1859
1785368518.460,2400,2312,1859
1785368518.662,2400,2310,1859
1785368518.662,2400,2311,1859
1785368518.866,2400,2306,1859
1785368518.866,2400,2311,1859
1785368519.071,2400,2312,1859
1785368519.071,2400,2310,1859
1785368519.274,2400,2309,1859
1785368519.274,2400,2311,1859
1785368519.475,2400,2310,1858
1785368519.475,2400,2309,1858
1785368519.678,2400,2311,1858
1785368519.678,2400,2301,1859
1785368519.880,2400,2305,1859
1785368519.880,2400,2306,1860
1785368520.082,2400,2308,1860
1785368520.082,2400,2309,1860
1785368520.287,2400,2310,1860
1785368520.287,2400,2308,1860
1785368520.492,2400,2307,1860
1785368520.492,2400,2307,1860
1785368520.695,2400,2311,1860
1785368520.695,2400,2311,1860
1785368520.897,2400,2310,1860
1785368520.898,2400,2308,1860
1785368521.102,2400,2309,1860
1785368521.102,2400,2305,1860
1785368521.307,2400,2307,1860
1785368521.307,2400,2312,1860
1785368521.508,2400,2310,1860
1785368521.508,2400,2309,1860
1785368521.711,2400,2309,1860
1785368521.711,2400,2309,1860
1785368521.916,2400,2310,1860
1785368521.916,2400,2309,1860
1785368522.121,2400,2311,1860
1785368522.121,2400,2310,1860
1785368522.324,2400,2309,1860
1785368522.324,2400,2311,1860
1785368522.526,2400,2310,1860
1785368522.526,2400,2307,1860
1785368522.730,2400,2310,1860
1785368522.730,2400,2309,1860
1785368522.932,2400,2310,1860
1785368522.932,2400,2311,1860
1785368523.136,2400,2307,1860
1785368523.136,2400,2307,1860
1785368523.339,2400,2312,1860
1785368523.339,2400,2308,1860
1785368523.543,2400,2309,1860
1785368523.543,2400,2311,1860
1785368523.746,2400,2306,1860
1785368523.746,2400,2311,1860
1785368523.952,2400,2308,1860
1785368523.952,2400,2310,1860
1785368524.154,2400,2310,1860
1785368524.154,2400,2308,1860
1785368524.357,2400,2308,1860
1785368524.357,2400,2311,1860
