t,rpm,amps,peak_a,mv,env,vib,ripple,temp_mv
0.01,0,0.05,0.072,1638,6,57,7256,1652
0.01,0,0.055,0.072,1639,9,57,7256,1652
0.01,0,0.055,0.072,1639,6,58,7256,1652
0.01,0,0.072,0.163,1642,22,59,786,1648
0.01,1480,0.084,0.135,1644,11,59,348,1647
0.01,1786,0.095,0.135,1646,11,59,305,1648
0.01,1934,0.101,0.135,1647,7,59,291,1653
0.01,1975,0.107,0.135,1648,7,61,289,1652
0.01,2003,0.107,0.135,1648,7,62,291,1650
0.01,2025,0.107,0.129,1648,6,62,291,1651
0.01,2032,0.112,0.129,1649,10,61,293,1658
0.01,2020,0.112,0.129,1649,7,61,290,1654
0.02,1992,0.112,0.129,1649,7,61,289,1652
0.02,1986,0.112,0.141,1649,10,61,290,1657
0.02,2009,0.112,0.141,1649,8,61,288,1654
0.02,2026,0.112,0.135,1649,9,60,292,1650
0.02,2039,0.112,0.135,1649,9,60,290,1652
0.02,2058,0.112,0.135,1649,7,60,294,1651
0.02,2065,0.112,0.129,1649,7,61,294,1649
0.02,2056,0.112,0.135,1649,9,61,289,1648
0.02,2042,0.112,0.141,1649,9,61,293,1651
0.02,2037,0.112,0.124,1649,7,63,291,1655
0.02,2018,0.112,0.124,1649,7,63,293,1653
0.02,2010,0.112,0.129,1649,9,63,290,1651
0.02,2008,0.112,0.124,1649,5,62,292,1651
0.02,2007,0.112,0.129,1649,7,62,291,1654
0.03,2009,0.112,0.118,1649,6,63,291,1651
0.03,2019,0.112,0.124,1649,5,68,291,1650
0.03,2029,0.112,0.129,1649,10,68,290,1649
0.03,2041,0.112,0.129,1649,6,67,292,1655
0.03,2056,0.112,0.124,1649,7,67,293,1649
0.03,2062,0.112,0.141,1649,10,62,293,1650
0.03,2058,0.112,0.135,1649,7,63,294,1652
0.03,2044,0.112,0.124,1649,5,63,292,1651
0.03,2038,0.112,0.135,1649,11,60,292,1653
0.03,2037,0.112,0.129,1649,7,61,290,1654
0.04,2033,0.112,0.124,1649,6,61,292,1647
0.04,2036,0.112,0.124,1649,7,61,293,1648
0.04,2036,0.112,0.135,1649,11,61,290,1652
0.04,2037,0.112,0.124,1649,6,62,290,1647
0.04,2023,0.112,0.118,1649,6,65,290,1645
0.04,2013,0.112,0.129,1649,8,65,291,1648
0.04,2010,0.112,0.129,1649,7,65,292,1650
0.04,2006,0.112,0.129,1649,9,64,291,1649
0.04,2006,0.107,0.135,1648,9,64,293,1648
0.04,2009,0.112,0.129,1649,6,63,290,1648
0.04,2006,0.112,0.129,1649,7,63,290,1648
0.04,2006,0.112,0.124,1649,6,65,290,1649
0.04,2008,0.112,0.135,1649,9,66,292,1649
0.04,2007,0.112,0.124,1649,6,66,291,1647
0.05,2006,0.112,0.129,1649,7,62,291,1649
0.05,2007,0.112,0.124,1649,9,64,289,1650
0.05,2008,0.112,0.124,1649,6,64,287,1651
0.05,2007,0.112,0.124,1649,5,63,290,1649
0.05,2004,0.112,0.135,1649,9,63,292,1647
0.05,2006,0.112,0.129,1649,8,65,289,1649
0.05,2009,0.112,0.129,1649,6,63,292,1648
0.05,2008,0.112,0.129,1649,8,63,289,1647
0.05,2018,0.112,0.124,1649,7,61,290,1646
0.05,2031,0.112,0.118,1649,5,59,292,1647
0.05,2029,0.112,0.124,1649,7,59,293,1649
0.05,2007,0.112,0.129,1649,7,60,290,1649
0.05,1988,0.112,0.135,1649,11,60,288,1649
0.06,1986,0.112,0.135,1649,8,63,290,1653
0.06,1996,0.107,0.118,1648,6,65,292,1653
0.06,2004,0.112,0.129,1649,7,65,288,1654
0.06,2005,0.112,0.124,1649,5,65,291,1651
0.06,2005,0.112,0.129,1649,7,64,291,1650
0.06,2008,0.112,0.118,1649,8,64,289,1651
0.06,2009,0.112,0.129,1649,7,67,293,1656
0.06,2004,0.112,0.124,1649,6,67,289,1653
0.06,2006,0.107,0.124,1648,7,66,290,1652
0.06,2007,0.112,0.141,1649,9,65,292,1649
0.06,2007,0.112,0.118,1649,6,65,290,1650
0.06,2005,0.112,0.124,1649,6,66,292,1653
0.06,2007,0.112,0.129,1649,8,66,292,1651
0.06,2010,0.112,0.135,1649,9,66,291,1650
0.06,2028,0.112,0.129,1649,7,67,290,1649
0.07,2035,0.112,0.124,1649,6,67,292,1650
0.07,2027,0.112,0.129,1649,9,63,293,1650
0.07,2012,0.112,0.129,1649,6,66,289,1646
0.07,2009,0.112,0.129,1649,9,66,291,1652
0.07,2004,0.112,0.118,1649,5,65,289,1648
0.07,2003,0.112,0.129,1649,8,66,291,1652
0.07,2014,0.112,0.141,1649,9,66,291,1656
0.07,2030,0.112,0.129,1649,8,64,290,1661
0.07,2037,0.112,0.129,1649,7,64,292,1656
0.07,2048,0.112,0.135,1649,11,65,291,1654
0.07,2063,0.112,0.129,1649,8,66,291,1652
0.07,2061,0.112,0.129,1649,7,66,293,1651
0.14,2047,0.112,0.118,1649,4,64,294,1653
0.24,2040,0.112,0.124,1649,6,63,292,1651
0.34,2021,0.112,0.129,1649,8,63,294,1651
0.44,2027,0.112,0.135,1649,8,63,292,1651
0.54,2047,0.112,0.135,1649,9,63,293,1653
0.64,1898,0.124,0.215,1651,21,67,342,1649
0.74,1958,0.141,0.198,1654,10,151,307,1650
0.84,2009,0.146,0.186,1655,10,151,298,1654
0.94,1976,0.152,0.215,1656,15,320,321,1657
1.04,1984,0.163,0.215,1658,10,509,324,1657
1.14,2016,0.169,0.203,1659,8,509,309,1651
1.24,1967,0.181,0.237,1661,13,454,304,1651
1.34,1969,0.198,0.26,1664,10,454,302,1645
1.44,2029,0.209,0.26,1666,11,594,301,1644
1.54,2095,0.215,0.328,1667,39,546,517,1648
1.64,1954,0.198,0.26,1664,29,546,305,1646
1.74,2258,0.175,0.181,1660,16,490,300,1651
1.84,2194,0.152,0.124,1656,5,385,299,1652
1.95,2055,0.141,0.118,1654,6,385,296,1651
2.05,1879,0.141,0.175,1654,13,386,283,1651
2.15,1941,0.146,0.169,1655,7,386,305,1649
2.25,1978,0.146,0.181,1655,10,610,288,1648
2.35,2005,0.146,0.175,1655,8,833,303,1648
2.45,2004,0.152,0.181,1656,10,833,293,1649
2.55,2004,0.152,0.192,1656,9,935,295,1649
2.65,2018,0.158,0.198,1657,10,909,299,1646
2.75,2025,0.163,0.192,1658,9,909,299,1647
2.85,2027,0.163,0.198,1658,10,966,298,1653
2.95,2031,0.163,0.186,1658,8,966,291,1650
3.05,2015,0.169,0.186,1659,8,1255,290,1647
3.15,1991,0.169,0.209,1659,10,1144,298,1651
3.25,2063,0.169,0.186,1659,10,1144,292,1659
3.35,1979,0.169,0.215,1659,13,1066,292,1655
3.45,2054,0.175,0.209,1660,13,948,299,1651
3.55,2021,0.175,0.198,1660,7,948,295,1659
3.65,2018,0.181,0.215,1661,9,1011,308,1657
3.75,2025,0.186,0.226,1662,9,1011,309,1651
3.85,1996,0.198,0.255,1664,12,1013,302,1653
3.95,1993,0.215,0.289,1667,11,934,319,1648
4.05,1987,0.232,0.306,1670,13,934,307,1647
4.15,2029,0.243,0.289,1672,10,883,329,1648
4.25,2031,0.255,0.306,1674,14,834,316,1644
4.36,2055,0.26,0.3,1675,10,834,319,1649
4.46,2050,0.26,0.289,1675,9,799,310,1648
4.56,2037,0.266,0.294,1676,10,799,306,1645
4.66,2011,0.266,0.294,1676,7,799,305,1645
4.76,2004,0.266,0.294,1676,9,771,297,1647
4.86,1977,0.272,0.306,1677,10,771,290,1646
4.96,1993,0.277,0.306,1678,8,717,293,1641
5.06,2015,0.283,0.323,1679,14,677,290,1643
5.16,2008,0.283,0.306,1679,12,677,289,1644
5.26,2017,0.283,0.306,1679,11,633,295,1648
5.36,2007,0.283,0.323,1679,12,633,293,1647
5.46,1986,0.289,0.323,1680,15,574,292,1649
5.56,1996,0.294,0.34,1681,15,591,289,1650
5.66,2013,0.306,0.351,1683,12,591,290,1643
5.76,2018,0.306,0.357,1683,16,636,286,1644
5.86,2026,0.306,0.34,1683,13,699,287,1645
5.96,2010,0.311,0.357,1684,17,699,291,1636
6.06,1994,0.317,0.357,1685,15,826,291,1641
6.16,1999,0.317,0.357,1685,12,826,284,1640
6.26,2036,0.317,0.351,1685,14,885,288,1639
6.36,2043,0.311,0.323,1684,11,1066,295,1641
6.46,2037,0.3,0.306,1682,11,1066,292,1639
6.56,2027,0.294,0.323,1681,15,1351,288,1642
6.67,2000,0.294,0.328,1681,13,1268,298,1644
6.77,1995,0.294,0.346,1681,15,1268,286,1644
6.87,2009,0.3,0.346,1682,11,1321,309,1644
6.97,2058,0.294,0.328,1681,13,1321,300,1644
7.07,2065,0.289,0.3,1680,10,1368,287,1650
7.17,2035,0.283,0.3,1679,11,1367,291,1649
7.27,2042,0.289,0.346,1680,20,1367,372,1648
7.37,2169,0.26,0.266,1675,17,1157,315,1649
7.47,2024,0.255,0.294,1674,19,1152,282,1650
7.57,2245,0.26,0.636,1675,91,1152,438,1642
7.67,2321,0.215,0.135,1667,10,1011,305,1648
7.77,2155,0.181,0.124,1661,5,1011,298,1651
7.87,2090,0.158,0.129,1657,7,794,293,1652
7.97,2055,0.141,0.129,1654,6,615,292,1651
8.07,1920,0.141,0.169,1654,14,615,293,1650
8.17,1884,0.152,0.215,1656,16,591,293,1646
8.27,1859,0.181,0.3,1661,17,818,275,1647
8.37,1848,0.226,0.38,1669,17,818,286,1644
8.47,1863,0.277,0.408,1678,12,811,314,1644
8.57,1846,0.328,0.516,1687,25,811,272,1638
8.67,1921,0.374,0.545,1695,24,826,279,1640
8.77,2049,0.391,0.499,1698,26,774,289,1642
8.87,2025,0.397,0.471,1699,20,774,283,1641
8.98,2027,0.397,0.454,1699,19,754,282,1637
9.08,1972,0.408,0.471,1701,19,730,277,1639
9.18,1959,0.42,0.494,1703,20,730,277,1641
9.28,1981,0.425,0.505,1704,18,723,278,1638
9.38,2017,0.425,0.471,1704,14,723,279,1639
9.48,2036,0.42,0.471,1703,22,675,287,1637
9.58,1998,0.42,0.454,1703,17,676,284,1639
9.68,2010,0.42,0.476,1703,16,676,281,1640
9.78,2001,0.42,0.454,1703,12,689,293,1638
9.88,2033,0.414,0.454,1702,15,693,280,1641
9.98,2070,0.402,0.442,1700,19,693,286,1647
10.08,2041,0.397,0.442,1699,18,668,286,1644
10.18,2035,0.385,0.425,1697,21,668,287,1644
10.28,2046,0.38,0.42,1696,16,595,288,1645
10.38,2065,0.368,0.414,1694,21,560,288,1646
10.48,2021,0.357,0.385,1692,19,560,296,1646
10.58,2019,0.351,0.408,1691,22,516,285,1649
10.68,2047,0.34,0.385,1689,22,469,286,1648
10.78,2078,0.323,0.34,1686,18,469,292,1646
10.88,2220,0.283,0.277,1679,25,421,299,1649
10.98,2226,0.237,0.186,1671,13,421,300,1646
11.08,2198,0.198,0.135,1664,7,417,301,1650
11.18,2083,0.169,0.135,1659,7,330,296,1649
11.28,2033,0.152,0.124,1656,7,330,293,1651
11.38,2010,0.141,0.135,1654,7,262,292,1648
11.49,2005,0.129,0.129,1652,7,206,291,1654
11.59,2009,0.124,0.124,1651,5,206,290,1652
11.69,2004,0.118,0.129,1650,6,168,292,1652
11.79,2009,0.118,0.129,1650,7,168,292,1657
11.89,2023,0.118,0.129,1650,6,142,292,1654
11.99,1973,0.118,0.135,1650,7,133,291,1648
12.09,1949,0.124,0.158,1651,10,133,290,1648
12.19,1948,0.135,0.181,1653,9,188,291,1648
12.29,1922,0.152,0.232,1656,12,230,288,1644
12.39,1900,0.181,0.289,1661,16,230,297,1646
12.49,1911,0.22,0.334,1668,14,246,296,1647
12.59,1918,0.243,0.328,1672,14,246,283,1642
12.69,1966,0.272,0.448,1677,33,328,284,1640
12.79,2044,0.277,0.323,1678,18,447,287,1649
12.89,1976,0.289,0.357,1680,17,447,284,1646
12.99,2012,0.294,0.334,1681,11,468,300,1644
13.09,1957,0.317,0.402,1685,17,440,286,1639
13.19,2024,0.334,0.425,1688,17,440,288,1636
13.29,1934,0.363,0.522,1693,29,443,283,1636
13.39,1950,0.397,0.573,1699,30,443,278,1637
13.49,1876,0.437,0.596,1706,28,423,279,1639
13.59,1926,0.476,0.636,1713,25,448,286,1637
13.69,1981,0.499,0.642,1717,30,448,281,1637
13.8,1998,0.528,0.642,1722,24,487,280,1639
13.9,2057,0.533,0.607,1723,20,614,287,1637
14.0,2121,0.528,0.607,1722,29,614,291,1647
14.1,2125,0.505,0.499,1718,14,577,289,1644
14.2,2088,0.482,0.465,1714,11,577,290,1642
14.3,2063,0.459,0.471,1710,16,487,288,1637
14.4,2048,0.448,0.471,1708,20,416,287,1639
14.5,2064,0.431,0.448,1705,16,416,290,1637
14.6,2057,0.425,0.465,1704,19,362,289,1639
14.7,2012,0.425,0.482,1704,17,316,284,1638
14.8,2023,0.42,0.442,1703,13,316,285,1633
14.9,2011,0.414,0.448,1702,16,313,284,1637
15.0,1987,0.414,0.465,1702,18,313,280,1637
15.1,2029,0.42,0.488,1703,22,338,287,1638
15.2,2044,0.408,0.431,1701,14,420,287,1636
15.3,2043,0.397,0.408,1699,15,420,288,1639
15.4,1996,0.391,0.431,1698,19,468,282,1642
15.5,2140,0.363,0.38,1693,25,472,326,1645
15.6,2095,0.346,0.414,1690,32,472,300,1644
15.7,2000,0.334,0.391,1688,23,530,299,1639
15.81,1904,0.351,0.448,1691,25,530,272,1640
15.91,1940,0.368,0.471,1694,20,549,277,1643
16.0,2079,0.368,0.459,1694,30,580,282,1637
16.11,2118,0.346,0.351,1690,15,580,288,1641
16.21,2038,0.334,0.346,1688,15,570,288,1644
16.31,1968,0.34,0.391,1689,15,528,286,1636
16.41,1982,0.351,0.402,1691,13,528,286,1641
16.51,2071,0.351,0.385,1691,18,522,305,1642
16.61,2076,0.34,0.414,1689,28,522,289,1648
16.71,2056,0.346,0.397,1690,15,502,287,1642
16.81,1995,0.351,0.408,1691,17,466,282,1640
16.91,2005,0.368,0.431,1694,13,466,288,1640
17.01,2021,0.374,0.425,1695,12,464,279,1640
17.11,2050,0.374,0.42,1695,13,443,283,1639
17.21,2059,0.374,0.391,1695,11,443,299,1641
17.31,2039,0.363,0.38,1693,13,458,310,1647
17.41,1983,0.363,0.425,1693,24,458,296,1644
17.51,1983,0.368,0.437,1694,19,476,283,1642
17.61,2021,0.374,0.442,1695,24,496,287,1643
17.71,2031,0.374,0.414,1695,16,496,288,1642
17.81,2073,0.363,0.397,1693,17,578,285,1646
17.91,2038,0.363,0.397,1693,16,643,288,1645
18.01,2086,0.351,0.363,1691,18,643,296,1641
18.12,2039,0.34,0.357,1689,14,649,287,1646
18.22,1967,0.346,0.402,1690,18,649,281,1643
18.32,2023,0.346,0.402,1690,20,611,280,1643
18.42,2000,0.34,0.385,1689,16,639,285,1642
18.52,2021,0.34,0.38,1689,17,639,282,1638
18.62,2005,0.34,0.368,1689,15,742,296,1636
18.72,2071,0.334,0.363,1688,16,733,286,1642
18.82,2060,0.328,0.346,1687,14,733,289,1644
18.92,1985,0.323,0.368,1686,19,733,284,1643
19.02,2038,0.317,0.351,1685,19,733,290,1642
19.12,2006,0.306,0.328,1683,15,683,297,1645
19.22,1993,0.306,0.357,1683,16,680,287,1644
19.32,2010,0.306,0.357,1683,19,680,287,1639
19.42,2021,0.306,0.374,1683,21,633,286,1641
19.52,2001,0.311,0.38,1684,21,633,300,1641
19.62,1988,0.323,0.374,1686,15,633,287,1642
19.72,2031,0.323,0.385,1686,20,594,301,1645
19.82,1998,0.323,0.38,1686,18,594,300,1644
19.92,2035,0.328,0.397,1687,21,552,286,1650
20.02,2073,0.328,0.368,1687,14,523,287,1646
20.12,2058,0.323,0.351,1686,15,523,302,1644
20.22,2037,0.328,0.38,1687,16,558,300,1639
20.32,2041,0.334,0.374,1688,13,542,287,1640
20.42,2066,0.323,0.357,1686,15,542,289,1641
20.52,2056,0.317,0.346,1685,15,622,289,1641
20.62,1997,0.323,0.385,1686,25,622,296,1642
20.73,1974,0.328,0.38,1687,14,650,290,1641
20.83,2029,0.328,0.374,1687,20,643,285,1641
20.93,2026,0.317,0.328,1685,16,643,291,1640
21.03,2003,0.317,0.374,1685,18,609,295,1641
21.13,2027,0.323,0.374,1686,16,684,289,1637
21.23,2055,0.317,0.346,1685,14,684,292,1641
21.33,2061,0.311,0.334,1684,13,666,302,1641
21.43,2011,0.311,0.368,1684,22,666,299,1641
21.53,2019,0.317,0.357,1685,17,790,292,1643
21.63,1979,0.311,0.351,1684,18,807,297,1643
21.73,1966,0.311,0.357,1684,17,807,291,1639
21.83,1978,0.317,0.363,1685,15,839,291,1647
21.93,1971,0.323,0.374,1686,16,755,292,1649
22.03,1978,0.323,0.363,1686,15,755,288,1643
22.13,1998,0.323,0.374,1686,21,744,292,1642
22.23,2017,0.328,0.38,1687,21,744,294,1638
22.33,2025,0.328,0.368,1687,19,705,303,1640
22.43,2035,0.328,0.38,1687,17,901,300,1645
22.53,2046,0.328,0.363,1687,19,901,302,1643
22.63,2021,0.323,0.368,1686,20,917,300,1641
22.73,2003,0.323,0.363,1686,16,864,297,1636
22.83,1993,0.323,0.368,1686,17,864,301,1641
22.94,2027,0.323,0.368,1686,18,836,303,1639
23.04,2022,0.323,0.368,1686,21,836,301,1635
23.14,2006,0.317,0.357,1685,19,760,301,1635
23.24,2005,0.317,0.363,1685,20,824,300,1647
23.34,2017,0.317,0.368,1685,18,824,290,1642
23.44,1999,0.317,0.38,1685,24,854,295,1650
23.54,2013,0.323,0.385,1686,21,753,299,1645
23.64,2032,0.317,0.363,1685,21,753,300,1643
23.74,2013,0.317,0.363,1685,23,700,306,1642
23.84,2023,0.323,0.391,1686,23,700,293,1652
23.94,1984,0.328,0.402,1687,26,675,310,1646
24.04,2059,0.328,0.42,1687,28,683,287,1639
24.14,2006,0.328,0.385,1687,24,683,302,1641
24.24,2023,0.328,0.408,1687,27,697,316,1643
24.34,2022,0.334,0.414,1688,26,645,297,1643
24.44,2007,0.334,0.38,1688,24,645,299,1642
24.54,1954,0.34,0.437,1689,28,561,315,1640
24.64,1974,0.351,0.465,1691,30,561,289,1640
24.74,1885,0.385,0.562,1697,37,483,318,1637
24.84,1997,0.391,0.494,1698,33,487,316,1638
24.94,2052,0.385,0.448,1697,25,487,306,1641
25.05,2024,0.391,0.459,1698,25,503,316,1643
25.14,2026,0.397,0.494,1699,31,573,300,1642
25.25,1999,0.402,0.516,1700,30,573,287,1640
25.35,2011,0.408,0.476,1701,22,491,299,1640
25.45,1958,0.425,0.533,1704,28,491,300,1638
25.55,2065,0.425,0.505,1704,26,437,299,1642
25.65,2062,0.425,0.459,1704,15,391,291,1644
25.75,2165,0.391,0.397,1698,27,391,306,1642
25.85,2196,0.334,0.283,1688,21,327,300,1644
25.95,2204,0.277,0.198,1678,13,341,300,1645
26.05,1995,0.249,0.249,1673,23,341,283,1641
26.15,2018,0.232,0.232,1670,9,378,285,1642
26.25,1978,0.232,0.26,1670,15,378,287,1647
26.35,2006,0.232,0.272,1670,12,347,292,1645
26.45,2075,0.226,0.237,1669,10,325,304,1645
26.55,2051,0.22,0.237,1668,12,325,297,1646
26.65,2033,0.215,0.243,1667,11,411,296,1646
26.75,2002,0.22,0.26,1668,11,480,294,1638
26.85,1975,0.232,0.283,1670,14,480,290,1647
26.95,1969,0.249,0.317,1673,15,531,291,1645
27.05,1985,0.266,0.34,1676,12,531,287,1644
27.15,1857,0.346,0.727,1690,89,567,752,1637
27.25,2521,0.277,0.215,1678,21,474,313,1641
27.35,2158,0.226,0.141,1669,8,474,295,1644
27.45,1819,0.22,0.363,1668,45,376,395,1644
27.56,1855,0.232,0.431,1670,51,325,463,1643
27.66,2018,0.249,0.448,1673,46,325,401,1638
27.76,2032,0.272,0.488,1677,54,328,349,1639
27.86,2258,0.237,0.283,1671,30,328,296,1643
27.96,2156,0.203,0.152,1665,7,317,297,1644
28.06,2103,0.181,0.152,1661,8,357,297,1649
28.16,2068,0.163,0.152,1658,7,357,293,1654
28.26,1973,0.163,0.209,1658,16,426,314,1653
28.36,2137,0.152,0.141,1656,8,405,301,1651
28.46,2135,0.141,0.135,1654,7,405,297,1648
28.56,2068,0.129,0.135,1652,7,322,295,1647
28.66,1837,0.135,0.203,1653,19,322,292,1645
28.76,1897,0.152,0.215,1656,10,297,293,1642
28.86,1841,0.181,0.306,1661,22,274,317,1642
28.96,1915,0.215,0.328,1667,15,274,288,1638
29.06,1974,0.237,0.334,1671,17,286,296,1641
29.16,2002,0.249,0.328,1673,16,423,298,1645
29.26,2004,0.266,0.334,1676,14,423,299,1641
29.36,1986,0.277,0.357,1678,18,478,304,1641
29.46,1992,0.289,0.357,1680,16,478,307,1644
29.56,1996,0.3,0.38,1682,19,466,307,1642
29.66,2009,0.311,0.368,1684,19,451,308,1640
29.76,2018,0.311,0.357,1684,19,451,302,1643
29.86,2007,0.311,0.357,1684,19,571,302,1642
29.97,1998,0.317,0.38,1685,18,590,302,1649
30.07,1997,0.317,0.368,1685,20,590,300,1639
30.17,2014,0.323,0.374,1686,17,541,307,1640
30.27,2029,0.323,0.38,1686,21,541,305,1638
30.37,2027,0.323,0.368,1686,22,494,306,1639
30.47,2012,0.323,0.368,1686,18,456,305,1642
30.57,2031,0.323,0.357,1686,17,456,298,1645
30.67,2033,0.311,0.34,1684,18,433,310,1647
30.77,1878,0.334,0.431,1688,28,400,273,1641
30.87,2041,0.334,0.442,1688,26,400,285,1639
30.97,2100,0.311,0.317,1684,14,350,305,1641
31.07,1994,0.317,0.357,1685,17,350,308,1639
31.17,2030,0.306,0.328,1683,13,332,299,1643
31.27,2067,0.294,0.294,1681,13,301,301,1643
31.37,2005,0.283,0.294,1679,16,301,292,1640
31.47,1968,0.283,0.34,1679,21,286,295,1640
31.57,2004,0.277,0.328,1678,20,263,295,1641
31.67,1997,0.283,0.34,1679,17,263,290,1639
31.77,1984,0.289,0.351,1680,17,253,307,1641
31.87,1933,0.306,0.42,1683,21,253,318,1639
31.97,1962,0.317,0.42,1685,28,293,337,1640
32.07,2059,0.317,0.391,1685,26,308,330,1638
32.17,2045,0.323,0.425,1686,34,308,339,1632
32.27,2042,0.328,0.42,1687,31,340,340,1641
32.38,1963,0.334,0.437,1688,31,375,354,1639
32.48,1982,0.346,0.454,1690,28,375,340,1639
32.58,2054,0.351,0.437,1691,24,421,342,1637
32.68,2034,0.346,0.425,1690,29,421,340,1642
32.78,2092,0.334,0.391,1688,23,452,314,1645
32.88,1998,0.346,0.448,1690,27,489,345,1642
32.98,1987,0.357,0.476,1692,30,489,369,1640
33.08,2006,0.374,0.476,1695,30,491,384,1637
33.18,1987,0.38,0.482,1696,31,506,357,1641
33.28,2076,0.38,0.476,1696,31,506,367,1638
33.38,2009,0.38,0.454,1696,26,502,365,1638
33.48,2180,0.363,0.471,1693,39,502,308,1638
33.58,2082,0.346,0.414,1690,31,526,359,1636
33.68,2097,0.34,0.437,1689,28,517,302,1632
33.78,2123,0.328,0.334,1687,16,517,294,1634
33.88,2094,0.311,0.323,1684,15,485,289,1637
33.98,2059,0.3,0.317,1682,14,493,293,1634
34.08,2049,0.294,0.311,1681,14,493,286,1637
34.18,2038,0.289,0.328,1680,15,433,293,1638
34.28,2011,0.289,0.351,1680,21,433,311,1639
34.38,2022,0.283,0.294,1679,10,425,293,1643
34.48,2005,0.277,0.3,1678,11,388,286,1643
34.58,2027,0.272,0.306,1677,16,388,296,1642
34.68,2007,0.266,0.306,1676,16,381,293,1640
34.79,1990,0.266,0.306,1676,13,415,288,1640
34.89,2004,0.266,0.294,1676,12,415,287,1633
34.99,1973,0.272,0.357,1677,23,423,322,1636
35.09,1955,0.283,0.374,1679,20,423,320,1644
35.19,1984,0.3,0.425,1682,30,419,311,1639
35.29,1968,0.311,0.414,1684,27,396,357,1643
35.39,1976,0.323,0.431,1686,27,396,397,1639
35.49,2034,0.328,0.391,1687,22,460,336,1644
35.59,2031,0.328,0.402,1687,24,430,321,1641
35.69,2063,0.328,0.38,1687,21,430,316,1640
35.79,2044,0.323,0.38,1686,22,405,319,1639
35.89,2054,0.317,0.363,1685,18,405,291,1640
35.99,2047,0.306,0.323,1683,14,370,290,1639
36.09,2001,0.3,0.328,1682,16,349,290,1641
36.19,1884,0.311,0.482,1684,43,349,405,1635
36.29,2064,0.317,0.425,1685,30,387,355,1636
36.39,2075,0.306,0.323,1683,19,406,297,1638
36.49,2051,0.3,0.323,1682,14,406,294,1639
36.59,2058,0.289,0.323,1680,15,391,290,1641
36.69,2006,0.283,0.306,1679,15,391,288,1640
36.79,1987,0.283,0.328,1679,16,353,290,1636
36.89,1897,0.3,0.425,1682,29,318,334,1637
36.99,1934,0.323,0.437,1686,24,318,321,1640
37.09,1983,0.346,0.454,1690,19,328,280,1645
37.19,2037,0.351,0.402,1691,12,358,293,1641
37.3,2036,0.357,0.431,1692,22,358,289,1637
37.4,2014,0.363,0.471,1693,28,382,289,1636
37.5,2055,0.368,0.476,1694,30,382,337,1631
37.6,2080,0.368,0.448,1694,26,379,290,1633
37.7,2040,0.368,0.442,1694,21,391,297,1635
37.8,2038,0.363,0.494,1693,36,391,380,1632
37.9,2056,0.374,0.562,1695,44,468,384,1626
38.0,1983,0.391,0.596,1698,50,540,465,1636
38.1,2145,0.397,0.568,1699,48,540,323,1640
38.2,2015,0.397,0.494,1699,36,558,294,1637
38.3,2052,0.391,0.454,1698,25,558,316,1637
38.4,2078,0.38,0.448,1696,31,509,311,1633
38.5,2015,0.374,0.431,1695,24,486,331,1635
38.6,2025,0.374,0.448,1695,25,486,341,1622
38.7,2061,0.363,0.425,1693,28,519,338,1628
38.8,1993,0.363,0.448,1693,25,541,322,1632
38.9,1908,0.38,0.528,1696,39,541,398,1633
39.0,1985,0.38,0.448,1696,26,524,337,1635
39.1,1975,0.385,0.494,1697,30,524,349,1635
39.2,2012,0.391,0.471,1698,23,493,326,1643
39.3,1988,0.402,0.482,1700,19,458,319,1638
39.4,1997,0.408,0.465,1701,17,458,316,1636
39.5,1873,0.442,0.619,1707,37,420,326,1632
39.61,1984,0.459,0.619,1710,42,489,370,1631
39.71,2024,0.471,0.562,1712,29,489,317,1633
39.81,1990,0.471,0.533,1712,25,541,323,1630
39.91,1995,0.476,0.585,1713,37,541,356,1628
40.01,1987,0.476,0.545,1713,25,540,333,1634
40.11,2021,0.476,0.522,1713,17,503,310,1633
40.21,2049,0.465,0.528,1711,25,503,311,1632
40.31,2043,0.459,0.499,1710,20,455,320,1636
40.41,2045,0.448,0.494,1708,20,423,305,1635
40.51,1958,0.448,0.596,1708,37,423,384,1635
40.61,1977,0.459,0.562,1710,29,415,330,1622
40.71,2045,0.459,0.499,1710,19,415,310,1627
40.81,1996,0.459,0.522,1710,19,373,314,1630
40.91,2094,0.454,0.494,1709,19,393,303,1633
41.01,2069,0.448,0.471,1708,15,393,314,1631
41.11,2081,0.442,0.499,1707,26,380,331,1632
41.21,2074,0.437,0.494,1706,27,386,339,1641
41.31,2028,0.437,0.522,1706,25,386,328,1637
41.41,2187,0.42,0.471,1703,33,371,370,1644
41.51,2258,0.357,0.294,1692,20,371,300,1638
41.61,2316,0.289,0.203,1680,16,360,303,1640
41.71,2247,0.232,0.135,1670,9,296,297,1641
41.81,2094,0.192,0.124,1663,5,296,297,1642
41.91,1993,0.169,0.129,1659,6,310,293,1646
42.01,2018,0.152,0.135,1656,6,300,291,1645
42.12,2007,0.146,0.141,1655,10,300,291,1643
42.22,1944,0.141,0.158,1654,8,267,289,1641
42.32,2042,0.135,0.141,1653,8,267,291,1641
42.42,1912,0.129,0.163,1652,13,252,289,1641
42.52,1813,0.158,0.255,1657,16,244,288,1634
42.62,1885,0.186,0.306,1662,15,244,360,1633
42.72,1962,0.215,0.283,1667,7,221,299,1638
42.82,1981,0.232,0.306,1670,12,232,294,1637
42.92,1948,0.255,0.334,1674,13,232,308,1635
43.02,2078,0.26,0.328,1675,20,223,320,1639
43.12,2115,0.249,0.255,1673,11,223,297,1633
43.22,2160,0.226,0.215,1669,11,278,299,1635
43.32,2256,0.198,0.209,1664,19,265,300,1643
43.42,2168,0.169,0.129,1659,8,265,299,1642
43.52,2084,0.152,0.129,1656,10,215,296,1646
43.62,2024,0.141,0.135,1654,7,175,290,1650
43.72,1948,0.135,0.152,1653,10,175,287,1651
43.82,1952,0.135,0.158,1653,11,158,288,1645
43.92,1969,0.141,0.163,1654,7,158,289,1643
44.02,1857,0.175,0.385,1660,45,158,455,1640
44.12,2043,0.186,0.391,1662,41,434,294,1640
44.22,2073,0.186,0.215,1662,11,434,289,1637
44.32,1954,0.203,0.266,1665,16,357,307,1641
44.43,1947,0.226,0.351,1669,23,307,335,1640
44.53,1766,0.294,0.556,1681,40,307,385,1630
44.63,2003,0.323,0.414,1686,12,302,292,1631
44.73,2019,0.334,0.397,1688,12,302,297,1633
44.83,2013,0.34,0.38,1689,11,285,305,1633
44.93,1930,0.38,0.676,1696,60,335,392,1628
45.03,1953,0.391,0.522,1698,31,335,314,1630
45.13,1932,0.414,0.545,1702,31,375,326,1628
45.23,2051,0.431,0.545,1705,27,358,304,1630
45.33,2077,0.425,0.471,1704,20,358,305,1628
45.43,2036,0.42,0.454,1703,17,327,297,1630
45.53,2072,0.402,0.425,1700,18,327,301,1633
45.63,2153,0.374,0.357,1695,17,305,297,1635
45.73,2229,0.328,0.306,1687,28,281,334,1637
45.83,2351,0.26,0.146,1675,9,281,305,1640
45.93,2213,0.215,0.129,1667,6,238,300,1642
46.03,2085,0.181,0.129,1661,8,193,297,1642
46.13,2047,0.158,0.129,1657,7,193,291,1643
46.23,2037,0.141,0.129,1654,8,162,292,1642
46.33,2037,0.135,0.129,1653,8,162,292,1641
46.43,2023,0.124,0.141,1651,10,137,293,1643
46.53,2012,0.118,0.129,1650,8,120,291,1641
46.63,2015,0.118,0.129,1650,7,120,292,1639
46.73,2027,0.112,0.124,1649,8,111,293,1639
46.83,2033,0.112,0.124,1649,6,100,292,1644
46.93,2016,0.112,0.124,1649,5,100,291,1642
47.03,1995,0.112,0.135,1649,9,90,289,1647
47.13,1990,0.112,0.129,1649,6,90,290,1644
47.24,2027,0.112,0.129,1649,6,84,290,1639
47.34,2051,0.112,0.129,1649,6,75,293,1638
47.44,2058,0.112,0.129,1649,7,75,293,1641
47.54,2047,0.112,0.135,1649,8,74,294,1641
47.64,2036,0.112,0.141,1649,9,68,292,1640
47.74,2012,0.112,0.129,1649,7,68,290,1636
47.84,1989,0.112,0.124,1649,7,67,292,1638
47.94,1996,0.112,0.124,1649,9,67,291,1639
48.04,2033,0.112,0.124,1649,8,67,292,1639
48.14,2058,0.112,0.124,1649,5,65,294,1643
48.24,2045,0.112,0.135,1649,8,65,292,1640
48.34,2023,0.112,0.124,1649,5,65,292,1641
48.44,2012,0.112,0.135,1649,7,65,289,1641
48.54,2022,0.112,0.141,1649,9,65,291,1639
48.64,2033,0.112,0.135,1649,7,65,291,1639
48.74,2028,0.112,0.129,1649,7,65,293,1635
48.84,2018,0.112,0.135,1649,9,64,291,1642
48.94,2010,0.112,0.135,1649,8,60,292,1643
49.04,2021,0.112,0.124,1649,5,60,292,1638
49.14,2028,0.112,0.135,1649,10,60,291,1639
49.24,2039,0.112,0.129,1649,8,58,292,1638
49.34,2054,0.112,0.129,1649,6,58,292,1637
49.45,2063,0.112,0.135,1649,10,57,293,1639
49.55,2054,0.112,0.124,1649,6,57,293,1641
49.65,2043,0.112,0.129,1649,6,58,293,1636
49.75,2033,0.112,0.129,1649,7,59,292,1639
49.85,2020,0.112,0.129,1649,6,59,291,1640
49.95,2009,0.112,0.124,1649,7,59,290,1637
50.05,2014,0.112,0.129,1649,7,58,291,1643
50.15,2025,0.112,0.124,1649,6,58,289,1641
50.25,2032,0.112,0.118,1649,6,60,292,1638
50.35,2023,0.112,0.124,1649,6,60,293,1637
50.45,2015,0.112,0.129,1649,7,63,287,1639
50.55,2011,0.112,0.129,1649,7,62,289,1637
50.65,2024,0.112,0.124,1649,5,62,291,1636
50.75,2032,0.112,0.124,1649,6,61,291,1637
50.85,2026,0.112,0.135,1649,7,61,292,1641
50.95,2014,0.112,0.129,1649,10,61,292,1636
51.05,2010,0.112,0.124,1649,7,62,292,1637
51.15,2019,0.112,0.124,1649,7,62,291,1636
51.25,2031,0.112,0.129,1649,7,62,293,1648
51.35,2034,0.112,0.124,1649,5,61,289,1645
51.45,2035,0.112,0.129,1649,7,61,291,1642
51.55,2036,0.112,0.135,1649,7,59,293,1637
51.65,2024,0.112,0.124,1649,7,61,293,1637
51.75,2014,0.112,0.124,1649,8,61,292,1639
51.86,2012,0.112,0.118,1649,6,62,289,1637
51.96,2024,0.112,0.129,1649,6,62,291,1636
52.06,2033,0.112,0.135,1649,7,64,292,1636
52.16,2043,0.112,0.129,1649,7,63,292,1637
52.26,2056,0.112,0.129,1649,7,63,293,1642
52.36,2064,0.112,0.124,1649,5,64,294,1639
52.46,2054,0.112,0.124,1649,6,63,293,1637
52.56,2041,0.112,0.129,1649,7,63,294,1644
52.66,2041,0.112,0.129,1649,8,62,293,1643
52.76,2054,0.112,0.124,1649,7,62,287,1640
52.86,2065,0.112,0.124,1649,7,62,293,1641
52.96,2059,0.112,0.135,1649,9,61,294,1634
53.06,2041,0.112,0.129,1649,10,61,292,1636
53.16,2036,0.112,0.129,1649,8,58,294,1637
53.26,2015,0.112,0.135,1649,9,58,291,1635
53.36,2010,0.112,0.129,1649,8,58,290,1638
53.46,2007,0.112,0.124,1649,7,57,292,1639
53.56,2008,0.112,0.129,1649,6,57,291,1638
53.66,2006,0.112,0.141,1649,8,60,292,1636
53.76,2008,0.112,0.129,1649,7,59,290,1644
53.86,2005,0.112,0.129,1649,8,59,292,1643
53.96,2008,0.112,0.129,1649,9,57,291,1638
54.06,2006,0.112,0.135,1649,8,56,290,1636
54.17,2006,0.112,0.124,1649,8,56,288,1643
54.27,2008,0.112,0.129,1649,8,60,290,1639
54.37,2007,0.112,0.135,1649,9,60,289,1636
54.47,2006,0.112,0.135,1649,7,63,292,1635
54.57,2007,0.112,0.124,1649,9,62,291,1637
54.67,2008,0.112,0.135,1649,8,62,289,1643
54.77,2005,0.112,0.135,1649,10,63,290,1640
54.87,2007,0.112,0.124,1649,7,61,291,1639
54.97,2004,0.112,0.124,1649,5,61,286,1637
55.07,2021,0.112,0.129,1649,6,61,291,1641
55.17,2033,0.112,0.129,1649,8,61,293,1638
55.27,2042,0.112,0.135,1649,7,63,292,1637
55.37,2056,0.112,0.135,1649,9,64,295,1636
55.47,2062,0.112,0.135,1649,8,64,292,1632
55.57,2058,0.112,0.129,1649,7,64,292,1633
55.67,2044,0.112,0.135,1649,8,62,292,1639
55.77,2038,0.112,0.124,1649,6,62,292,1640
55.87,2051,0.112,0.124,1649,5,62,292,1632
55.97,2055,0.112,0.129,1649,8,62,293,1635
56.07,2045,0.112,0.129,1649,9,61,291,1637
56.17,2040,0.112,0.141,1649,9,62,293,1638
56.27,2029,0.112,0.124,1649,5,62,292,1639
56.37,2012,0.112,0.141,1649,8,62,293,1637
56.48,2012,0.112,0.141,1649,8,62,292,1636
56.58,1980,0.118,0.141,1650,8,62,290,1631
56.68,2002,0.118,0.141,1650,7,61,290,1634
56.78,1983,0.124,0.141,1651,8,61,294,1635
56.88,1999,0.129,0.152,1652,6,64,290,1637
56.98,2009,0.129,0.158,1652,8,66,295,1638
57.08,2015,0.135,0.163,1653,9,66,294,1636
57.18,2025,0.141,0.169,1654,8,69,298,1640
57.28,2034,0.146,0.186,1655,11,70,293,1636
57.38,2030,0.152,0.175,1656,7,70,292,1635
57.48,2013,0.158,0.198,1657,9,70,290,1637
57.58,2021,0.163,0.209,1658,9,70,292,1636
57.68,2002,0.169,0.198,1659,9,73,290,1629
57.78,1995,0.175,0.209,1660,7,79,292,1634
57.88,1987,0.186,0.22,1662,8,79,291,1633
57.98,1988,0.198,0.243,1664,9,77,290,1633
58.08,1992,0.209,0.249,1666,8,82,287,1630
58.18,1982,0.215,0.26,1667,12,82,291,1629
58.28,2124,0.203,0.22,1665,16,82,294,1625
58.38,2084,0.181,0.158,1661,7,82,290,1630
58.48,2141,0.163,0.152,1658,9,76,299,1637
58.58,2130,0.146,0.129,1655,10,73,296,1637
58.69,2049,0.135,0.118,1653,5,73,294,1637
58.79,2012,0.124,0.118,1651,5,71,288,1638
58.89,2007,0.118,0.129,1650,9,70,292,1636
58.99,2021,0.118,0.129,1650,9,70,291,1633
59.09,2033,0.112,0.124,1649,6,69,292,1632
59.19,2030,0.112,0.124,1649,6,69,293,1633
59.29,2018,0.112,0.124,1649,7,66,289,1633
59.39,2010,0.112,0.118,1649,4,65,291,1634
59.49,2016,0.112,0.135,1649,8,65,289,1636
59.59,2027,0.112,0.129,1649,6,68,287,1634
59.69,2036,0.112,0.135,1649,8,68,292,1636
59.79,2052,0.112,0.124,1649,5,68,293,1637
59.89,2061,0.112,0.118,1649,4,66,292,1635
59.99,2060,0.112,0.124,1649,7,66,293,1636
60.09,2048,0.112,0.118,1649,5,62,293,1636
60.19,2037,0.112,0.129,1649,8,65,291,1638
60.29,2047,0.112,0.124,1649,6,65,294,1637
60.39,2061,0.112,0.135,1649,7,62,288,1639
60.49,2057,0.112,0.124,1649,7,66,293,1631
60.59,2039,0.112,0.124,1649,6,66,293,1639
60.69,2013,0.112,0.129,1649,9,65,292,1636
60.79,2013,0.112,0.129,1649,7,65,291,1639
60.89,2028,0.112,0.124,1649,7,63,289,1637
60.99,2033,0.112,0.124,1649,5,63,290,1636
61.1,2010,0.112,0.118,1649,6,63,291,1642
61.19,1982,0.107,0.118,1648,6,63,291,1639
61.3,1993,0.107,0.129,1648,6,62,290,1639
61.4,2030,0.112,0.124,1649,8,62,293,1634
61.5,2056,0.112,0.124,1649,8,63,293,1634
61.6,2056,0.112,0.124,1649,7,63,292,1637
61.7,2043,0.112,0.118,1649,4,60,291,1641
61.8,2036,0.112,0.124,1649,8,60,293,1636
61.9,2035,0.112,0.129,1649,6,60,292,1635
62.0,2035,0.112,0.124,1649,7,61,292,1638
62.1,2027,0.112,0.118,1649,7,61,289,1638
62.2,2013,0.112,0.124,1649,6,61,293,1636
62.3,2005,0.112,0.124,1649,8,62,290,1636
62.4,2005,0.112,0.118,1649,5,62,292,1634
62.5,1997,0.112,0.118,1649,5,64,292,1635
62.6,1993,0.112,0.129,1649,8,64,292,1633
62.7,2003,0.112,0.129,1649,6,64,292,1630
62.8,2004,0.112,0.129,1649,6,65,291,1633
62.9,1965,0.118,0.141,1650,8,65,289,1636
63.0,1983,0.124,0.158,1651,7,65,290,1636
63.1,1994,0.129,0.169,1652,9,65,287,1636
63.2,2010,0.135,0.163,1653,6,65,291,1636
63.3,2003,0.146,0.163,1655,7,62,292,1636
63.4,2019,0.152,0.192,1656,10,65,290,1645
63.51,2015,0.158,0.192,1657,6,65,289,1636
63.61,2019,0.169,0.209,1659,8,68,288,1635
63.71,2040,0.175,0.203,1660,9,74,296,1634
63.81,2002,0.175,0.203,1660,7,74,286,1634
63.91,2088,0.169,0.186,1659,11,81,292,1635
64.01,2084,0.158,0.146,1657,6,81,293,1630
64.11,2092,0.146,0.141,1655,7,77,295,1632
64.21,2113,0.135,0.141,1653,10,74,296,1633
64.31,2085,0.129,0.118,1652,5,74,295,1629
64.41,2039,0.124,0.124,1651,6,70,294,1635
64.51,2025,0.118,0.124,1650,7,67,292,1635
64.61,2029,0.118,0.124,1650,5,67,290,1635
64.71,2028,0.112,0.118,1649,5,65,293,1638
64.81,2014,0.112,0.124,1649,6,65,291,1634
64.91,2008,0.112,0.135,1649,9,65,286,1639
65.01,2018,0.112,0.129,1649,7,67,292,1635
65.11,2030,0.112,0.118,1649,5,67,291,1636
65.21,2032,0.112,0.129,1649,8,64,291,1637
65.31,2021,0.107,0.118,1648,6,61,292,1635
65.41,2011,0.107,0.124,1648,5,61,292,1628
65.51,2017,0.107,0.124,1648,6,63,291,1630
65.61,1987,0.112,0.146,1649,10,63,303,1633
65.71,1999,0.118,0.152,1650,9,91,300,1633
65.81,1935,0.124,0.186,1651,16,144,303,1633
65.92,1986,0.141,0.232,1654,16,144,316,1631
66.02,1774,0.186,0.408,1662,43,173,352,1628
66.12,1873,0.232,0.42,1670,24,270,293,1629
66.22,1900,0.272,0.402,1677,17,270,293,1628
66.32,1925,0.306,0.425,1683,17,308,294,1626
66.42,2121,0.311,0.431,1684,38,308,327,1632
66.52,1911,0.334,0.482,1688,41,300,309,1629
66.62,1791,0.402,0.624,1700,31,294,348,1625
66.72,1872,0.459,0.647,1710,23,294,307,1623
66.82,2077,0.482,0.613,1714,27,270,304,1619
66.92,1879,0.522,0.755,1721,50,241,419,1617
67.02,2080,0.522,0.63,1721,28,241,343,1621
67.12,2106,0.505,0.533,1718,28,273,306,1615
67.22,1897,0.499,0.676,1717,48,273,471,1619
67.32,1953,0.505,0.585,1718,24,301,291,1621
67.42,1952,0.516,0.659,1720,32,263,359,1620
67.52,1968,0.528,0.607,1722,22,263,292,1620
67.62,2019,0.528,0.568,1722,15,235,281,1622
67.72,2056,0.511,0.522,1719,15,217,286,1622
67.82,2110,0.482,0.476,1714,17,217,295,1621
67.92,1976,0.471,0.494,1712,20,216,284,1619
68.02,2048,0.465,0.511,1711,18,216,295,1618
68.12,2057,0.454,0.482,1709,14,244,292,1618
68.22,2098,0.442,0.448,1707,14,220,309,1623
68.32,2112,0.42,0.42,1703,13,220,299,1625
68.42,2177,0.385,0.402,1697,23,209,294,1626
68.52,2062,0.357,0.334,1692,11,221,285,1623
68.63,1973,0.351,0.38,1691,17,221,301,1619
68.73,2013,0.346,0.346,1690,7,214,289,1624
68.83,2022,0.34,0.351,1689,10,214,286,1628
68.93,2031,0.334,0.351,1688,9,239,286,1624
69.03,2022,0.334,0.351,1688,8,269,283,1632
69.13,2008,0.328,0.351,1687,11,269,286,1625
69.23,2002,0.328,0.357,1687,8,261,289,1628
69.33,2052,0.328,0.38,1687,17,310,291,1628
69.43,1969,0.34,0.42,1689,21,310,285,1631
69.53,1931,0.357,0.511,1692,36,338,419,1627
69.63,2004,0.363,0.511,1693,32,338,296,1624
69.73,2004,0.368,0.425,1694,18,351,308,1626
69.83,2017,0.374,0.437,1695,19,320,306,1626
69.93,2018,0.374,0.471,1695,24,320,304,1625
70.03,2053,0.368,0.397,1694,16,289,296,1626
70.13,2021,0.351,0.363,1691,11,292,297,1626
70.23,2033,0.34,0.357,1689,13,292,297,1624
70.33,2096,0.323,0.328,1686,12,270,298,1625
70.43,2059,0.311,0.306,1684,11,270,303,1625
70.53,2034,0.289,0.283,1680,11,243,289,1638
70.63,1936,0.283,0.323,1679,17,211,286,1630
70.73,2001,0.283,0.306,1679,9,211,292,1628
70.83,1996,0.289,0.317,1680,12,242,297,1626
70.94,2015,0.289,0.311,1680,9,233,290,1627
71.04,1981,0.294,0.334,1681,13,233,293,1628
71.14,2016,0.294,0.323,1681,11,227,299,1628
71.24,2055,0.283,0.311,1679,17,227,310,1628
71.34,1984,0.272,0.283,1677,12,214,312,1633
71.44,1946,0.272,0.294,1677,10,205,283,1632
71.54,1974,0.277,0.311,1678,9,205,285,1630
71.64,1983,0.283,0.317,1679,8,187,288,1637
71.74,2039,0.283,0.306,1679,10,184,294,1639
71.84,2019,0.283,0.306,1679,8,184,292,1633
71.94,2040,0.277,0.3,1678,9,181,293,1631
72.04,2018,0.283,0.306,1679,12,181,293,1630
72.14,2027,0.283,0.317,1679,8,208,289,1632
72.24,2012,0.289,0.323,1680,12,225,292,1630
72.34,2025,0.294,0.34,1681,14,225,286,1629
72.44,1972,0.3,0.38,1682,17,234,292,1629
72.54,2012,0.311,0.38,1684,14,252,300,1621
72.64,2030,0.306,0.328,1683,10,252,300,1625
72.74,2004,0.306,0.346,1683,14,264,296,1623
72.84,2000,0.306,0.34,1683,10,264,304,1625
72.95,2001,0.311,0.391,1684,18,289,295,1625
73.05,2020,0.317,0.357,1685,12,280,295,1628
73.15,1988,0.323,0.402,1686,19,280,300,1624
73.25,1939,0.34,0.425,1689,21,289,301,1628
73.35,1959,0.357,0.437,1692,15,323,301,1626
73.45,2035,0.363,0.425,1693,14,323,295,1624
73.55,2037,0.363,0.397,1693,10,365,300,1624
73.65,2006,0.368,0.42,1694,14,365,299,1623
73.75,2029,0.374,0.408,1695,11,323,293,1632
73.85,2028,0.374,0.437,1695,17,306,292,1623
73.95,2052,0.374,0.425,1695,17,306,291,1626
74.05,2035,0.374,0.437,1695,16,295,293,1630
74.15,2018,0.374,0.42,1695,18,297,289,1627
74.25,2073,0.351,0.357,1691,13,297,293,1626
74.35,2019,0.34,0.346,1689,13,278,291,1626
74.45,1995,0.334,0.363,1688,13,278,287,1626
74.55,2031,0.323,0.346,1686,12,280,290,1626
74.65,2015,0.323,0.346,1686,10,268,288,1626
74.75,1977,0.323,0.363,1686,14,268,285,1627
74.85,2002,0.323,0.363,1686,14,256,283,1626
74.95,2034,0.323,0.374,1686,18,262,285,1626
75.05,2114,0.311,0.368,1684,22,262,296,1625
75.15,2107,0.294,0.266,1681,6,297,296,1630
75.25,2054,0.283,0.283,1679,8,297,297,1629
75.35,2032,0.277,0.283,1678,8,268,292,1633
75.46,2046,0.272,0.277,1677,8,255,291,1635
75.56,2093,0.266,0.283,1676,12,255,300,1633
75.66,2097,0.255,0.26,1674,10,262,295,1636
75.76,2084,0.243,0.232,1672,7,243,293,1633
75.86,2067,0.232,0.232,1670,8,243,293,1631
75.96,2044,0.226,0.226,1669,6,230,292,1633
76.06,2019,0.22,0.243,1668,10,230,286,1626
76.16,1972,0.226,0.255,1669,8,218,285,1627
76.26,1987,0.232,0.266,1670,9,244,284,1628
76.36,2008,0.237,0.26,1671,8,244,288,1633
76.46,2009,0.237,0.26,1671,7,288,291,1626
76.56,1995,0.237,0.26,1671,8,317,289,1628
76.66,1989,0.237,0.249,1671,6,317,285,1628
76.76,1976,0.237,0.255,1671,7,372,287,1625
76.86,1981,0.237,0.255,1671,6,372,288,1629
76.96,1975,0.237,0.255,1671,7,378,289,1628
77.06,1994,0.237,0.26,1671,8,361,290,1628
77.16,2022,0.237,0.26,1671,12,361,289,1629
77.26,1970,0.232,0.243,1670,7,338,287,1626
77.36,1969,0.237,0.249,1671,5,366,289,1625
77.46,1972,0.237,0.249,1671,6,366,288,1630
77.56,2089,0.232,0.26,1670,14,385,295,1627
77.66,2037,0.22,0.226,1668,7,385,289,1627
77.76,2001,0.22,0.255,1668,14,333,291,1627
77.86,1994,0.232,0.283,1670,13,313,286,1628
77.97,2043,0.249,0.346,1673,19,313,321,1628
78.06,1987,0.255,0.306,1674,15,339,286,1646
78.17,1991,0.272,0.357,1677,16,296,286,1638
78.27,2060,0.277,0.357,1678,21,296,298,1631
78.37,2051,0.272,0.283,1677,8,280,293,1629
78.47,1970,0.277,0.323,1678,11,280,289,1628
78.57,2078,0.272,0.294,1677,12,277,292,1627
78.67,2061,0.266,0.266,1676,6,288,295,1628
78.77,2001,0.272,0.3,1677,9,288,290,1629
78.87,2074,0.26,0.266,1675,9,281,294,1631
78.97,2019,0.249,0.249,1673,9,271,291,1626
79.07,1993,0.249,0.277,1673,11,271,295,1627
79.17,2042,0.249,0.283,1673,11,271,294,1628
79.27,2022,0.26,0.306,1675,12,271,315,1628
79.37,2088,0.255,0.26,1674,8,260,295,1627
79.47,2022,0.255,0.283,1674,12,263,287,1626
79.57,2034,0.26,0.3,1675,10,263,292,1627
79.67,1975,0.272,0.328,1677,14,257,297,1624
79.77,2084,0.277,0.34,1678,18,245,311,1624
79.87,2084,0.277,0.283,1678,8,245,295,1622
79.97,2013,0.283,0.346,1679,14,288,290,1624
80.07,2091,0.289,0.328,1680,12,288,292,1619
80.17,2053,0.289,0.323,1680,12,320,292,1622
80.27,2011,0.294,0.328,1681,8,347,288,1624
80.37,2046,0.294,0.328,1681,11,347,285,1625
80.47,1999,0.3,0.323,1682,7,340,289,1625
80.58,2034,0.3,0.323,1682,6,328,292,1624
80.68,2055,0.294,0.317,1681,12,328,293,1623
80.78,1970,0.3,0.328,1682,10,311,290,1628
80.88,1944,0.311,0.351,1684,8,311,286,1626
80.98,2168,0.294,0.346,1681,23,290,296,1627
81.08,1995,0.289,0.351,1680,23,261,283,1626
81.18,1960,0.3,0.402,1682,21,261,284,1623
81.28,1995,0.311,0.397,1684,20,294,293,1618
81.38,1933,0.328,0.442,1687,22,261,291,1620
81.48,2010,0.334,0.408,1688,18,261,300,1619
81.58,2088,0.328,0.397,1687,22,273,299,1621
81.68,2106,0.311,0.328,1684,15,273,296,1627
81.78,1960,0.306,0.38,1683,26,265,284,1627
81.88,1951,0.311,0.391,1684,24,321,332,1623
81.98,2113,0.3,0.38,1682,27,321,318,1625
82.08,2027,0.289,0.294,1680,10,316,294,1623
82.18,2019,0.277,0.277,1678,7,357,292,1624
82.28,2027,0.272,0.289,1677,11,357,295,1624
82.38,2063,0.272,0.374,1677,24,331,325,1624
82.48,2084,0.266,0.272,1676,10,331,295,1624
82.58,2081,0.255,0.255,1674,6,318,295,1623
82.68,1968,0.26,0.385,1675,30,275,347,1626
82.78,1935,0.283,0.442,1679,30,275,383,1624
82.89,1981,0.306,0.442,1683,25,276,379,1622
82.98,1953,0.334,0.494,1688,32,286,399,1623
83.09,1979,0.357,0.511,1692,32,286,382,1623
83.19,2023,0.368,0.505,1694,31,311,340,1618
83.29,2118,0.357,0.42,1692,24,311,301,1620
83.39,2036,0.334,0.328,1688,12,311,292,1622
83.49,1963,0.334,0.391,1688,21,269,337,1622
83.59,1989,0.34,0.402,1689,19,269,329,1622
83.69,2008,0.34,0.385,1689,14,269,323,1623
83.79,2076,0.323,0.323,1686,12,258,313,1619
83.89,2024,0.317,0.311,1685,10,258,301,1621
83.99,2004,0.311,0.351,1684,13,232,306,1627
84.09,2003,0.323,0.408,1686,25,232,363,1627
84.19,2024,0.323,0.402,1686,21,228,359,1626
84.29,2013,0.323,0.368,1686,16,216,320,1619
84.39,2019,0.334,0.431,1688,26,216,374,1621
84.49,2079,0.323,0.357,1686,15,206,325,1623
84.59,1952,0.328,0.437,1687,25,214,417,1621
84.69,1955,0.34,0.459,1689,28,214,395,1622
84.79,1955,0.351,0.459,1691,26,220,406,1620
84.89,1989,0.357,0.465,1692,24,220,403,1617
84.99,2042,0.368,0.454,1694,22,245,398,1619
85.09,2031,0.374,0.448,1695,21,235,397,1618
85.19,2032,0.374,0.465,1695,24,235,400,1617
85.29,2005,0.385,0.465,1697,24,234,405,1619
85.4,2001,0.391,0.494,1698,25,223,393,1620
85.5,1972,0.397,0.476,1699,23,223,385,1621
85.6,2080,0.391,0.482,1698,31,200,370,1621
85.7,2064,0.368,0.357,1694,9,200,298,1621
85.8,1941,0.374,0.499,1695,30,184,382,1624
85.9,2044,0.38,0.476,1696,26,173,358,1622
86.0,2091,0.357,0.34,1692,10,173,295,1622
86.1,2037,0.34,0.346,1689,14,190,291,1622
86.2,1982,0.346,0.38,1690,11,209,335,1623
86.3,2003,0.346,0.397,1690,12,209,333,1621
86.4,2018,0.351,0.402,1691,15,191,344,1623
86.5,2006,0.346,0.402,1690,17,191,327,1624
86.6,1976,0.346,0.391,1690,16,179,328,1622
86.7,1983,0.351,0.471,1691,30,182,414,1625
86.8,1999,0.351,0.408,1691,18,182,367,1622
86.9,2037,0.346,0.385,1690,16,158,338,1620
87.0,2068,0.334,0.351,1688,12,151,313,1618
87.1,1999,0.34,0.391,1689,17,151,365,1622
87.2,2016,0.346,0.442,1690,21,135,359,1629
87.3,2030,0.357,0.448,1692,22,135,342,1625
87.4,2047,0.357,0.408,1692,15,128,319,1624
87.5,2037,0.363,0.437,1693,21,120,321,1623
87.6,2072,0.357,0.408,1692,18,120,309,1626
87.7,2048,0.357,0.402,1692,17,120,308,1623
87.8,2014,0.363,0.425,1693,17,116,304,1621
87.9,2012,0.368,0.448,1694,18,116,305,1618
88.01,2020,0.374,0.431,1695,18,114,309,1620
88.11,2038,0.368,0.425,1694,20,114,308,1619
88.21,2017,0.368,0.425,1694,20,124,321,1621
88.31,2021,0.368,0.442,1694,22,122,299,1622
88.41,2028,0.368,0.448,1694,21,122,289,1621
88.51,2011,0.374,0.448,1695,22,122,293,1623
88.61,2037,0.374,0.425,1695,17,135,287,1622
88.71,2123,0.357,0.38,1692,17,135,293,1622
88.81,2122,0.328,0.3,1687,11,153,299,1622
88.91,2021,0.3,0.277,1682,9,153,295,1624
89.01,1961,0.294,0.306,1681,12,211,292,1618
89.11,2048,0.283,0.3,1679,14,204,292,1621
89.21,2018,0.272,0.26,1677,7,204,289,1623
89.31,2008,0.26,0.26,1675,8,180,290,1627
89.41,2018,0.255,0.26,1674,7,197,294,1625
89.51,1990,0.255,0.283,1674,10,197,289,1620
89.61,2059,0.249,0.289,1673,14,188,295,1619
89.71,2012,0.249,0.26,1673,8,188,292,1632
89.81,1969,0.249,0.283,1673,10,206,293,1627
89.91,2022,0.249,0.272,1673,13,213,294,1622
90.01,1978,0.249,0.277,1673,9,213,288,1622
